0.0,0,0.0,20.0,5.551115123125783e-17
0.001,0.5,0.02418152762633287,20.013128758886978,-0.0004468054881992256
0.002,1.0,0.05936379283296679,20.028149755601458,-0.001127427931539221
0.003,1.5,0.09427124911978442,20.04258853415661,-0.0018101284205722656
0.004,2.0,0.12637319942912406,20.0566845130388,-0.002439205235350822
0.005,2.5,0.15717376743940598,20.070705324348324,-0.00304409302423847
0.006,3.0,0.18799642677033657,20.084708316555087,-0.0036527300783495698
0.007,3.5,0.21911320033561843,20.09869033328418,-0.004271564103840775
0.008,4.0,0.2503410242255066,20.112643185323776,-0.004896939715156895
0.009000000000000001,4.5,0.2815292683632712,20.126562502264413,-0.005525477969961945
0.010000000000000002,5.0,0.312649945737706,20.140447691512527,-0.006156382819251932
0.011000000000000003,5.5,0.34372580226260907,20.154299834250317,-0.006790055519912547
0.012000000000000004,6.0,0.37477495963242424,20.16812001963521,-0.007426862224052366
0.013000000000000005,6.5,0.40580145181570837,20.181908907435123,-0.008066867167999064
0.014000000000000005,7.0,0.4368036721034434,20.19566691921662,-0.008709998517129752
0.015000000000000006,7.5,0.46778060036555336,20.209394444487806,-0.009356192874540453
0.016000000000000007,8.0,0.4987328005145203,20.223091901569887,-0.01000542599103832
0.017000000000000008,8.5,0.5296614499189685,20.236759721398567,-0.010657693291571402
0.01800000000000001,9.0,0.5605676467086423,20.250398325635018,-0.011312993071248889
0.01900000000000001,9.5,0.5914523042355087,20.26400811950956,-0.011971322874969659
0.02000000000000001,10.0,0.6223162604133072,20.277589493514654,-0.01263268165152781
0.02100000000000001,10.5,0.6531603541476565,20.291142826251136,-0.013297071615101935
0.022000000000000013,11.0,0.6839854368683719,20.304668485813902,-0.013964498616293758
0.023000000000000013,11.5,0.714792360740793,20.318166830145948,-0.014634971861832768
0.024000000000000014,12.0,0.7455819705752057,20.331638207188686,-0.015308503667695095
0.025000000000000015,12.5,0.7763551027856841,20.345082955156293,-0.015985109382284896
0.026000000000000016,13.0,0.8071125868595047,20.358501402910576,-0.016664807387447772
0.027000000000000017,13.5,0.8378552464277673,20.371893870348906,-0.0173476191012413
0.028000000000000018,14.0,0.8685838995806554,20.385260668765955,-0.018033568966707214
0.02900000000000002,14.5,0.8992993589116547,20.39860210119044,-0.01872268443620595
0.03000000000000002,15.0,0.9300024316004639,20.411918462706396,-0.019414995959438214
0.03100000000000002,15.5,0.9606939195736378,20.425210040764238,-0.020110536976963828
0.03200000000000002,16.0,0.9913746196930064,20.438477115482232,-0.02080934391809658
0.03300000000000002,16.5,1.022045323939663,20.45171995993798,-0.021511456202297385
0.03400000000000002,17.0,1.0527068195895644,20.46493884044965,-0.022216916243859935
0.035000000000000024,17.5,1.0833598893859846,20.478134016847537,-0.02292576945990274
0.036000000000000025,18.0,1.1140053117124211,20.491305742736323,-0.023638064281788107
0.037000000000000026,18.5,1.1446438607665805,20.504454265748493,-0.024353852169982093
0.03800000000000003,19.0,1.175276306735142,20.517579827789376,-0.025073187632366017
0.03900000000000003,19.5,1.2059034159690922,20.53068266527407,-0.0257961282460252
0.04000000000000003,20.0,1.2365259511597566,20.543763009356617,-0.026522734682502797
0.04100000000000003,20.5,1.2671446715156862,20.556821086151817,-0.027253070736609236
0.04200000000000003,21.0,1.297760332940573,20.569857116949947,-0.0279872033588075
0.04300000000000003,21.5,1.3283736882123256,20.58287131842472,-0.028725202691229607
0.04400000000000003,22.0,1.3589854871634586,20.595863902834804,-0.02946714210743004
0.04500000000000003,22.5,1.3895964768628186,20.60883507821922,-0.030213098255884363
0.046000000000000034,23.0,1.4202074017988817,20.621785048586805,-0.03096315110737441
0.047000000000000035,23.5,1.4508190040646625,20.63471401410019,-0.031717384006305555
0.048000000000000036,24.0,1.4814320235443754,20.64762217125441,-0.032475883726104354
0.04900000000000004,24.5,1.5120471981019759,20.66050971305048,-0.03323874052873252
0.05000000000000004,25.0,1.5426652637717386,20.673376829164265,-0.0340060482284929
0.05100000000000004,25.5,1.5732869549509299,20.68622370611075,-0.03477790426024591
0.05200000000000004,26.0,1.6039130045947974,20.69905052740405,-0.035554409752089594
0.05300000000000004,26.5,1.6345441444139681,20.711857473713497,-0.03633566960277987
0.05400000000000004,27.0,1.6651811050744345,20.724644723015825,-0.037121792563899414
0.05500000000000004,27.5,1.6958246164002628,20.737412450743847,-0.037912891327050696
0.05600000000000004,28.0,1.726475407579263,20.750160829931875,-0.038709082616132234
0.057000000000000044,28.5,1.7571342073717209,20.762890031358012,-0.03951048728499146
0.058000000000000045,29.0,1.787801744322448,20.775600223683576,-0.040317230420545164
0.059000000000000045,29.5,1.8184787469763606,20.78829157358995,-0.04112944145164865
0.060000000000000046,30.0,1.849165944097769,20.800964245912976,-0.041947254263840245
0.06100000000000005,30.5,1.879864064893682,20.813618403775205,-0.042770807320264365
0.06200000000000005,31.0,1.9105738392413378,20.82625420871613,-0.04360024378897953
0.06300000000000004,31.5,1.9412959979202418,20.838871820820746,-0.044435711676908046
0.06400000000000004,32.0,1.9720312728490457,20.851471398846517,-0.04527736397064844
0.06500000000000004,32.5,2.00278039732756,20.864053100349054,-0.0461253587845242
0.06600000000000004,33.0,2.0335441062842166,20.876617081806724,-0.046979859516060124
0.06700000000000005,33.5,2.0643231365294374,20.889163498744356,-0.0478410350093014
0.06800000000000005,34.0,2.0951182270151336,20.901692505856314,-0.048709059726228354
0.06900000000000005,34.5,2.1259301191009574,20.91420425712912,-0.04958411392661943
0.07000000000000005,35.0,2.1567595568275446,20.926698905963917,-0.050466383856802466
0.07100000000000005,35.5,2.1876072871974674,20.9391766052989,-0.05135606194763584
0.07200000000000005,36.0,2.21847406046414,20.95163750773203,-0.052253347022084506
0.07300000000000005,36.5,2.249360630429426,20.96408176564427,-0.053158444512937025
0.07400000000000005,37.0,2.2802677547504384,20.97650953132347,-0.05407156669103119
0.07500000000000005,37.5,2.311196195256189,20.98892095708927,-0.054992932904534636
0.07600000000000005,38.0,2.342146718274777,21.001316195419264,-0.05592276982975822
0.07700000000000005,38.5,2.3731200949717444,21.013695399076575,-0.05686131173407716
0.07800000000000006,39.0,2.404117101700473,21.026058721239202,-0.057808800751531164
0.07900000000000006,39.5,2.4351385203653884,21.03840631563143,-0.05876548717171201
0.08000000000000006,40.0,2.4661851387988074,21.05073833665744,-0.05973162974259966
0.08100000000000006,40.5,2.497257751152478,21.06305493953764,-0.060707495988026494
0.08200000000000006,41.0,2.5283571583047024,21.075356280447785,-0.06169336254050725
0.08300000000000006,41.5,2.5594841682841807,21.087642516661397,-0.06268951549023227
0.08400000000000006,42.0,2.5906395967117093,21.09991380669566,-0.06369625075099428
0.08500000000000006,42.5,2.6218242672609415,21.112170310461295,-0.06471387444398674
0.08600000000000006,43.0,2.6530390121396197,21.12441218941659,-0.06574270330038362
0.08700000000000006,43.5,2.684284672592523,21.13663960672616,-0.06678306508366696
0.08800000000000006,44.0,2.7155620994278555,21.148852727424718,-0.06783529903277033
0.08900000000000007,44.5,2.7468721535685376,21.161051718586325,-0.06889975632717721
0.09000000000000007,45.0,2.7782157066302076,21.173236749499488,-0.06997680057516406
0.09100000000000007,45.5,2.809593641527796,21.185407991848802,-0.07106680832641857
0.09200000000000007,46.0,2.8410068531126442,21.197565619903372,-0.072170169610423
0.09300000000000007,46.5,2.8724562488424317,21.209709810712702,-0.07328728850206043
0.09400000000000007,47.0,2.9039427494860135,21.221840744310665,-0.07441858371595383
0.09500000000000007,47.5,2.9354672898658354,21.233958603928023,-0.07556448923118586
0.09600000000000007,48.0,2.967030819640514,21.246063576214343,-0.07672545494817246
0.09700000000000007,48.5,2.9986343041303956,21.25815585146984,-0.07790194737956546
0.09800000000000007,49.0,3.0302787251892096,21.270235623888,-0.07909445037716265
0.09900000000000007,49.5,3.061965082125119,21.282303091809823,-0.08030346589704301
0.10000000000000007,50.0,3.0936943926746077,21.294358457990555,-0.08152951480509937
0.10100000000000008,49.5,3.0839325121265544,21.288048515221586,-0.08151347406323048
0.10200000000000008,49.0,3.055012742447904,21.276498312995788,-0.08055929604092404
0.10300000000000008,48.5,3.0218596573020595,21.264457972688994,-0.07930110119357714
0.10400000000000008,48.0,2.9890309096132546,21.252414445485755,-0.07802425091130141
0.10500000000000008,47.5,2.956892923600518,21.240219237769818,-0.07678833351583547
0.10600000000000008,47.0,2.9249838774856345,21.228041319723236,-0.07558496465064826
0.10700000000000008,46.5,2.8931235203191568,21.21582673090206,-0.07440247096900487
0.10800000000000008,46.0,2.8612748196538846,21.2036108020671,-0.07323666046385915
0.10900000000000008,45.5,2.8294582421001255,21.191375879980814,-0.07208627066184503
0.11000000000000008,45.0,2.7976813096340307,21.179130555736094,-0.0709511336984675
0.11100000000000008,44.5,2.76594669481234,21.166870780935284,-0.06983090228284858
0.11200000000000009,44.0,2.734252470184107,21.154598370690167,-0.06872518030106556
0.11300000000000009,43.5,2.7025973218140016,21.14231223191665,-0.06763350697153328
0.11400000000000009,43.0,2.670979936832698,21.13001257874966,-0.06655544266827804
0.11500000000000009,42.5,2.6393993536184333,21.11769901946623,-0.0654905651619099
0.11600000000000009,42.0,2.6078545850219395,21.105371445398394,-0.06443847283706386
0.11700000000000009,41.5,2.5763446797910734,21.09302962678359,-0.0633987795050476
0.11800000000000009,41.0,2.544868677504679,21.080673392402904,-0.06237111307159285
0.11900000000000009,40.5,2.5134256347626,21.068302549109273,-0.0613551147185572
0.12000000000000009,40.0,2.4820146185793783,21.055916916800378,-0.06035043840661816
0.1210000000000001,39.5,2.4506347096674856,21.0435163130434,-0.05935675045200345
0.1220000000000001,39.0,2.419284999894543,21.031100559386907,-0.058373729003798835
0.1230000000000001,38.5,2.387964592113096,21.018669478404696,-0.05740106357018565
0.1240000000000001,38.0,2.35667259924463,21.006222894643773,-0.05643845454287
0.12500000000000008,37.5,2.32540814381779,20.99376063396048,-0.05548561276135294
0.12600000000000008,37.0,2.294170357381512,20.98128252352876,-0.05454225909499494
0.12700000000000009,36.5,2.2629583799963835,20.968788391584912,-0.053608124049588646
0.12800000000000009,36.0,2.23177135972198,20.956278067284895,-0.052682947392403146
0.1290000000000001,35.5,2.2006084521347806,20.943751380523633,-0.05176647779658189
0.1300000000000001,35.0,2.1694688198631082,20.93120816177489,-0.05085847250308559
0.1310000000000001,34.5,2.1383516321426472,20.91864824192853,-0.04995869699965158
0.1320000000000001,34.0,2.1072560643891993,20.906071452133183,-0.049066924715701815
0.1330000000000001,33.5,2.0761812977880627,20.893477623641118,-0.048182936732447196
0.1340000000000001,33.0,2.0451265188988415,20.88086658765562,-0.04730652150736772
0.1350000000000001,32.5,2.0140909192746195,20.86823817518055,-0.04643747461233555
0.1360000000000001,32.0,1.983073695094692,20.85559221687148,-0.04557559848470144
0.1370000000000001,31.5,1.952074046809857,20.842928542888426,-0.04472070219072105
0.1380000000000001,31.0,1.9210911787995684,20.830246982749465,-0.04387260120067932
0.1390000000000001,30.5,1.8901242990401448,20.817547365185263,-0.043031117175164085
0.1400000000000001,30.0,1.8591726187833448,20.804829517994023,-0.04219607776198664
0.1410000000000001,29.5,1.8282353522447141,20.792093267896643,-0.04136731640316499
0.1420000000000001,29.0,1.7973117163009822,20.77933844039173,-0.04054467215163102
0.1430000000000001,28.5,1.766400930196097,20.766564859610256,-0.039727989497087085
0.1440000000000001,28.0,1.7355022152552633,20.753772348169626,-0.038917118200682915
0.1450000000000001,27.5,1.7046147946065553,20.74096072702675,-0.038111913138064446
0.1460000000000001,27.0,1.6737378929096292,20.72812981532997,-0.03731223415049198
0.1470000000000001,26.5,1.6428707360911479,20.71527943026962,-0.036517945903624255
0.1480000000000001,26.0,1.6120125510864853,20.702409386926817,-0.03572891775367126
0.1490000000000001,25.5,1.581162565587367,20.68951949812036,-0.03494502362058133
0.1500000000000001,25.0,1.5503200077951054,20.676609574251472,-0.03416614186801009
0.1510000000000001,24.5,1.5194841061791102,20.663679423146103,-0.03339215518979058
0.1520000000000001,24.0,1.4886540892403872,20.650728849894524,-0.032622950502609604
0.1530000000000001,23.5,1.4578291852797225,20.637757656688017,-0.03185841884470472
0.1540000000000001,23.0,1.427008622170323,20.62476564265247,-0.031098455280333143
0.1550000000000001,22.5,1.3961916271346397,20.61175260367847,-0.03034295880978627
0.1560000000000001,22.0,1.3653774265251728,20.59871833224776,-0.029591832284762615
0.1570000000000001,21.5,1.3345652456090151,20.585662617255828,-0.028844982328938756
0.1580000000000001,21.0,1.303754308355919,20.5725852438303,-0.028102319263499514
0.1590000000000001,20.5,1.2729438372297555,20.55948599314495,-0.027363757037543318
0.16000000000000011,20.0,1.2421330529830756,20.546364642229005,-0.026629213163174098
0.16100000000000012,19.5,1.2113211744546764,20.53322096377158,-0.025898608655085087
0.16200000000000012,19.0,1.1805074183699296,20.520054725920907,-0.02517186797464399
0.16300000000000012,18.5,1.1496909991437718,20.506865692078033,-0.024448918978206224
0.16400000000000012,18.0,1.1188711286861013,20.493653620684984,-0.023729692869657648
0.16500000000000012,17.5,1.0880470162094675,20.480418265006694,-0.023014124157040627
0.16600000000000012,17.0,1.0572178680388595,20.46715937290685,-0.022302150613185995
0.16700000000000012,16.5,1.026382887423401,20.45387668661706,-0.0215937132402772
0.16800000000000012,16.0,0.9955412743498018,20.44056994249919,-0.020888756238262723
0.16900000000000012,15.5,0.964692225357353,20.427238870800547,-0.02018722697709427
0.17000000000000012,15.0,0.9338349333542808,20.413883195401564,-0.019489075972725756
0.17100000000000012,14.5,0.9029685874352144,20.40050263355574,-0.018794256866812298
0.17200000000000013,14.0,0.8720923726996216,20.387096895621415,-0.01810272641014321
0.17300000000000013,13.5,0.8412054700708664,20.373665684785145,-0.01741444444976853
0.17400000000000013,13.0,0.8103070561157502,20.360208696776212,-0.016729373919803947
0.17500000000000013,12.5,0.7793963028641568,20.346725619572105,-0.016047480835953754
0.17600000000000013,12.0,0.7484723776285667,20.33321613309427,-0.015368734293805003
0.17700000000000013,11.5,0.7175344428230888,20.319679908894226,-0.014693106470863804
0.17800000000000013,11.0,0.6865816557816647,20.306116609829125,-0.01402057263247683
0.17900000000000013,10.5,0.6556131685750426,20.292525889726758,-0.013351111141661626
0.18000000000000013,10.0,0.6246281278260956,20.278907393039376,-0.012684703472989417
0.18100000000000013,9.5,0.5936256745230796,20.265260754485894,-0.012021334230562702
0.18200000000000013,9.0,0.5626049438302162,20.251585598682116,-0.011360991170326351
0.18300000000000013,8.5,0.5315650648951491,20.237881539758384,-0.010703665226799858
0.18400000000000014,8.0,0.5005051606526195,20.224148180964196,-0.01004935054443673
0.18500000000000014,7.5,0.46942434762369656,20.21038511425932,-0.009398044513872217
0.18600000000000014,7.0,0.43832173570985355,20.196591919890732,-0.008749747813234926
0.18700000000000014,6.5,0.4071964279811128,20.18276816595493,-0.008104464454876031
0.18800000000000014,6.0,0.37604752045736667,20.16891340794497,-0.007462201837791366
0.18900000000000014,5.5,0.3448741018819435,20.15502718828154,-0.0068229708061204875
0.19000000000000014,5.0,0.31367525348642866,20.141109035827526,-0.006186785714124704
0.19100000000000014,4.5,0.2824500487455902,20.1271584653853,-0.005553664498115868
0.19200000000000014,4.0,0.2511975531211994,20.11317497717598,-0.004923628755821613
0.19300000000000014,3.5,0.21991682379346233,20.0991580563,-0.0042967038337895225
0.19400000000000014,3.0,0.18860690937859054,20.08510717217806,-0.0036729189234813164
0.19500000000000015,2.5,0.15726684963100182,20.071021777971715,-0.003052307166733381
0.19600000000000015,2.0,0.12589567512843325,20.05690130998272,-0.0024349057714471434
0.19700000000000015,1.5,0.094492406938173,20.04274518703003,-0.0018207561383523085
0.19800000000000015,1.0,0.06305605626241392,20.02855280980375,-0.0012099039998808847
0.19900000000000015,0.5,0.031585624060617434,20.014323560194804,-0.0006023995722434228
0.0,0,0.0,20.0,5.551115123125783e-17
1.0,500,0.045350425998527705,20.02052531054078,-0.0008644444482102387
2.0,1000,0.09046977339907623,20.040855502877978,-0.00173622338737639
3.0,1500,0.13553720963025995,20.06112132409916,-0.00261508415706585
4.0,2000,0.18053200246857953,20.081312270585187,-0.003501033120156788
5.0,2500,0.22545763034657,20.101430745512886,-0.004393949170762607
6.0,3000,0.2703169192220404,20.12147839427758,-0.005293675535535586
7.0,3500,0.3151127351409275,20.141456852806787,-0.006200089874108361
8.0,4000,0.3598478991180948,20.16136767673247,-0.007113086112567835
9.0,4500,0.4045251914590979,20.18121235134893,-0.008032575302093531
10.0,5000,0.4491473532875837,20.200992294976142,-0.008958484700623826
11.0,5500,0.49371708824492755,20.220708862746466,-0.009890757229149505
12.0,6000,0.5382370640715728,20.24036335011237,-0.010829350967322043
13.0,6500,0.5827099140893109,20.25995699616089,-0.01177423871496347
14.0,7000,0.6271382386000449,20.27949098674043,-0.01272540760859922
15.0,7500,0.6715246062143168,20.29896645741332,-0.013682858788547303
16.0,8000,0.715871555121274,20.318384496245493,-0.014646607112161397
17.0,8500,0.7601815943102681,20.33774614644382,-0.01561668090964427
18.0,9000,0.8044572047528873,20.357052408850983,-0.01659312177957073
19.0,9500,0.8487008405530015,20.37630424430666,-0.017575984421578067
20.0,10000,0.8929149300713858,20.395502575883658,-0.0185653365042924
21.0,10500,0.937101877030617,20.414648291006557,-0.019561258566903078
22.0,11000,0.9812640616050856,20.43374224346013,-0.02056384395310945
23.0,11500,1.0254038415002795,20.45278525529437,-0.021573198776542735
24.0,12000,1.0695235530250504,20.47177811863231,-0.022589441916954944
25.0,12500,1.1136255121598773,20.490721597386663,-0.0236127050467424
26.0,13000,1.1577120156239264,20.509616428890684,-0.024643132687603708
27.0,13500,1.2017853419431488,20.52846332544876,-0.02568088229728238
28.0,14000,1.24584775252166,20.547262975811357,-0.02672612438657157
29.0,14500,1.2899014927180883,20.56601604657924,-0.02777904266687009
30.0,15000,1.3339487929287037,20.584723183541367,-0.028839834228816558
31.0,15500,1.3779918696788513,20.60338501295055,-0.029908709752565293
32.0,16000,1.422032926724121,20.622002142741106,-0.03098589375053612
33.0,16500,1.4660741561627553,20.64057516369223,-0.03207162484350909
34.0,17000,1.5101177395607017,20.659104650540755,-0.03316615607115672
35.0,17500,1.5541658490907444,20.67759116304695,-0.03426975523815287
36.0,18000,1.598220648687225,20.69603524701667,-0.03538270529727447
37.0,18500,1.6422842952179768,20.714437435283138,-0.03650530477090719
38.0,19000,1.686358939675114,20.732798248651573,-0.03763786821264958
39.0,19500,1.7304467283865823,20.751118196809824,-0.038780726710764074
40.0,20000,1.7745498042503942,20.76939777920772,-0.039934228435453106
41.0,20500,1.818670307993842,20.78763748590847,-0.04109873923212995
42.0,21000,1.8628103794599897,20.805837798414533,-0.042274643262909084
43.0,21500,1.9069721589241388,20.823999190471117,-0.0434623436989266
44.0,22000,1.9511577884432294,20.842122128849834,-0.04466226346616087
45.0,22500,1.995369413241287,20.860207074115312,-0.04587484604767819
46.0,23000,2.0396091831345693,20.87825448137743,-0.047100556345549466
47.0,23500,2.083879254000209,20.896264801031933,-0.0483398816058177
48.0,24000,2.1281817892927983,20.91423847949193,-0.04959333241027769
49.0,24500,2.172518961613431,20.932175959913238,-0.05086144373901749
50.0,25000,2.216892954336705,20.950077682915847,-0.05214477610821164
51.0,25500,2.2613059633011234,20.967944087304783,-0.05344391678763502
52.0,26000,2.305760198569473,20.985775610792622,-0.05475948110322881
53.0,26500,2.35025788626589,21.003572690726834,-0.05609211382997012
54.0,27000,2.39480127049748,21.02133576482474,-0.05744249068118337
55.0,27500,2.4393926153686234,21.039065271919036,-0.05881131990058422
56.0,28000,2.4840342070975123,21.056761652717075,-0.06019934396412144
57.0,28500,2.5287283562447866,21.074425350577105,-0.061607341399109616
58.0,29000,2.5734774000656393,21.09205681230475,-0.06303612872893022
59.0,29500,2.6182837049975856,21.10965648897353,-0.06448656255208049
60.0,30000,2.663149669297516,21.127224836772772,-0.06595954176536789
61.0,30500,2.708077725842865,21.14476231788733,-0.06745600994169121
62.0,31000,2.753070345113354,21.16226940141299,-0.06897695787386951
63.0,31500,2.798130038371368,21.179746564312378,-0.07052342629699365
64.0,32000,2.843259361060942,21.197194292416068,-0.07209650880282975
65.0,32500,2.8884609164473734,21.21461308147422,-0.07369735496120891
66.0,33000,2.933737359521563,21.23200343826458,-0.07532717366439448
67.0,33500,2.9790914011959964,21.249365881762962,-0.07698723671240629
68.0,34000,3.0245258128218278,21.26670094438313,-0.07867888265818043
69.0,34500,3.070043431059577,21.2840091732935,-0.08040352093428205
70.0,35000,3.115647163139443,21.301291131819127,-0.08216263628381199
71.0,35500,3.1613399925508165,21.318547400937874,-0.0839577935212979
72.0,36000,3.2071249852046835,21.335778580881165,-0.08579064265115272
73.0,36500,3.253005296117233,21.35298529285057,-0.0876629243744288
74.0,37000,3.2989841766673127,21.370168180862862,-0.08957647601719254
75.0,37500,3.3450649824862966,21.38732791373786,-0.09153323791744489
76.0,38000,3.3912511820440923,21.404465187244863,-0.09353526031079248
77.0,38500,3.437546366001151,21.42158072642597,-0.09558471075906017
78.0,39000,3.4839542574026527,21.438675288116308,-0.0976838821703962
79.0,39500,3.53047872279749,21.45574966368466,-0.09983520146344721
80.0,40000,3.577123784371075,21.47280468202044,-0.1020412389336019
81.0,40500,3.623893633187196,21.489841212797042,-0.10430471838371547
82.0,41000,3.6707926436395466,21.50686017004572,-0.1066285280870358
83.0,41500,3.7178253892174413,21.5238625160788,-0.10901573265493145
84.0,42000,3.7649966596922324,21.540849265806823,-0.1114695858864792
85.0,42500,3.812311479828549,21.557821491500814,-0.11399354468033554
86.0,43000,3.8597751297171645,21.574780328057432,-0.11659128409110539
87.0,43500,3.907393166810124,21.591726978834366,-0.11926671361117946
88.0,44000,3.955171449709802,21.608662722131143,-0.1220239947528976
89.0,44500,4.003116163717049,21.62558891840221,-0.12486755999220067
90.0,45000,4.0512338480687795,21.642507018298996,-0.1278021331093788
91.0,44500,4.029959305996033,21.63593385177669,-0.1283420175923585
92.0,44000,3.997574448970105,21.62014824596214,-0.1271864927751417
93.0,43500,3.955898632354026,21.604757301455276,-0.1251867433339435
94.0,43000,3.911123872635438,21.58754265700131,-0.12267716259920303
95.0,42500,3.863965094197479,21.570794040014807,-0.11997104087995855
96.0,42000,3.8162484673688946,21.553440087653627,-0.11719366321255403
97.0,41500,3.7679688039473556,21.536359958635394,-0.1144309678217034
98.0,41000,3.7197673041656274,21.519018218632315,-0.11171714889532558
99.0,40500,3.6715112046781693,21.501823135076275,-0.10907266438491206
100.0,40000,3.623449955798171,21.48449860505046,-0.10650108021306781
101.0,39500,3.5754759671328915,21.467245243791982,-0.10400585810648538
102.0,39000,3.5276933632294316,21.44992152711082,-0.10158270451715476
103.0,38500,3.4800359798288794,21.432626151677916,-0.09923078717154127
104.0,38000,3.4325479665128142,21.41528810288223,-0.09694496457451332
105.0,37500,3.3851922245855444,21.397954720240502,-0.09472321307489887
106.0,37000,3.3379862472282427,21.38059126633921,-0.09256115444193372
107.0,36500,3.290909560296575,21.36321948199303,-0.09045641857181685
108.0,36000,3.243967512724319,21.34582274475119,-0.08840548664602055
109.0,35500,3.197148310176471,21.32841040602476,-0.08640596193536884
110.0,35000,3.1504518837150823,21.310974578100705,-0.084454981630223
111.0,34500,3.1038707622244797,21.29351885295865,-0.08255027384182359
112.0,34000,3.0574026105717182,21.276039404454274,-0.08068944158050109
113.0,33500,3.011042075044924,21.258537276015392,-0.07887040342267768
114.0,33000,2.964785992929245,21.24101046718128,-0.07709110020278015
115.0,32500,2.9186300667895075,21.22345896103459,-0.07534965737933486
116.0,32000,2.8725709287681354,21.205881557160442,-0.0736442744532193
117.0,31500,2.826604843467151,21.18827783415511,-0.0719732752176157
118.0,31000,2.780728484714256,21.170646940108142,-0.07033506818132512
119.0,30500,2.734938450920273,21.152988321626882,-0.06872815697671456
120.0,30000,2.689231540432962,21.13530128340801,-0.06715112563823247
121.0,29500,2.6436045768351106,21.11758524498721,-0.06560263703459096
122.0,29000,2.5980544991274472,21.099839587675753,-0.0640814260499738
123.0,28500,2.552578299660141,21.082063739665713,-0.06258629543374963
124.0,28000,2.5071730498086877,21.064257124931856,-0.06111611139330134
125.0,27500,2.461835877021537,21.046419189285793,-0.05966979950249876
126.0,27000,2.416563969535366,21.028549383611303,-0.0582463411639062
127.0,26500,2.371354566554878,21.010647170769378,-0.05684477009346858
128.0,26000,2.326204956807734,20.992712019818775,-0.055464169277663816
129.0,25500,2.2811124731302903,20.974743407116065,-0.0541036680139142
130.0,25000,2.2360744895588804,20.956740813899952,-0.052762439269162464
131.0,24500,2.1910884175142593,20.9387037257799,-0.051439697173221194
132.0,24000,2.146151702789778,20.920631631328636,-0.05013469473258725
133.0,23500,2.10126182244715,20.902524021186636,-0.04884672169008214
134.0,23000,2.0564162820346263,20.884380386967393,-0.047575102551301235
135.0,22500,2.0116126128986727,20.866200220303476,-0.04631919474715701
136.0,22000,1.9668483696755892,20.847983011861672,-0.04507838693184876
137.0,21500,1.9221211279012465,20.829728250401136,-0.04385209740125939
138.0,21000,1.8774284817489608,20.811435421833302,-0.04263977262546731
139.0,20500,1.8327680418743764,20.7931040082962,-0.0414408858861231
140.0,20000,1.788137433361956,20.77473348723127,-0.04025493601182936
141.0,19500,1.7435342937621334,20.756323330462404,-0.039081446204628306
142.0,19000,1.6989562712120923,20.737873003271876,-0.037919962951524944
143.0,18500,1.6544010226325216,20.71938196347018,-0.036770055015481806
144.0,18000,1.6098662119941125,20.700849660456228,-0.035631312500706586
145.0,17500,1.5653495086477849,20.682275534264303,-0.0345033459876109
146.0,17000,1.5208485857135177,20.663659014594764,-0.03338578573312648
147.0,16500,1.476361118522976,20.64499951982495,-0.032278280932499875
148.0,16000,1.4318847831115888,20.62629645599728,-0.031180499038980708
149.0,15500,1.387417254756249,20.607549215781226,-0.030092125138081044
150.0,15000,1.3429562065550635,20.58875717740598,-0.029012861373517607
151.0,14500,1.298499308045828,20.569919703560725,-0.027942426422032235
152.0,14000,1.2540442238602796,20.551036140259196,-0.026880555014718477
153.0,13500,1.209588612411349,20.532105815665368,-0.025826997502494037
154.0,13000,1.1651301246107186,20.513128038876943,-0.024781519463873358
155.0,12500,1.120666402614211,20.494102098663454,-0.02374390135310911
156.0,12000,1.0761950785925531,20.475027262155407,-0.022713938187201355
157.0,11500,1.0317137735251578,20.45590277348124,-0.02169143927038833
158.0,11000,0.9872200960144271,20.43672785234835,-0.0206762279548873
159.0,10500,0.9427116411181926,20.417501692564684,-0.01966814143700954
160.0,10000,0.8981859891975925,20.39822346049714,-0.01866703058776642
161.0,9500,0.853640704777711,20.378892293462794,-0.017672759817526362
162.0,9000,0.809073335417951,20.359507298049103,-0.0166852069743213
163.0,8500,0.7644814105888159,20.340067548358686,-0.01570426327569588
164.0,8000,0.7198624405515957,20.320572084174508,-0.014729833274332721
165.0,7500,0.6752139152367465,20.301019909040814,-0.013761834857801775
166.0,7000,0.6305333031165127,20.281409988255042,-0.012800199283195507
167.0,6500,0.5858180500666208,20.261741246765624,-0.01184487124771827
168.0,6000,0.5410655782112076,20.242012566970512,-0.010895808996634976
169.0,5500,0.49627328474441623,20.22222278641067,-0.00995298447040982
170.0,5000,0.4514385407212042,20.202370695352705,-0.009016383493379992
171.0,4500,0.40655868980889004,20.182455034254318,-0.008086006006705504
172.0,4000,0.36163104698987303,20.16247449110578,-0.007161866349118445
173.0,3500,0.31665289720480105,20.14242769864053,-0.006243993589479385
174.0,3000,0.27162149392380663,20.122313231407055,-0.005332431916083874
175.0,2500,0.22653405763230422,20.102129602694106,-0.0044272410885045355
176.0,2000,0.18138777421567753,20.08187526130049,-0.0035284969587051074
177.0,1500,0.136179793225665,20.06154858814024,-0.002636292069530366
178.0,1000,0.0909072260088719,20.041147892673177,-0.001750736339840464
179.0,500,0.04556714367570218,20.020671409150367,-0.0008719578473493639
0.0,0,0.0,20.0,5.551115123125783e-17
1.0,500,0.04606966100990795,20.021069687626067,-5.6483768375081844e-05
2.0,1000,0.09190030073254023,20.041921889284207,-0.00011914525062636794
3.0,1500,0.13767770574303712,20.06269068790024,-0.00019093153529478601
4.0,2000,0.18338144318462896,20.083365096821474,-0.00027136047785056294
5.0,2500,0.22901487599787723,20.10394671478866,-0.00036023602985132963
6.0,3000,0.2745806751687452,20.1244364265212,-0.00045736001518928426
7.0,3500,0.3200815350242255,20.144835145039877,-0.0005625561901620169
8.0,4000,0.36552009033879446,20.165143740633415,-0.0006756646442930836
9.0,4500,0.4108989215561467,20.18536304777954,-0.0007965412497988322
10.0,5000,0.4562205569930998,20.205493866061804,-0.0009250569172698231
11.0,5500,0.5014874751985446,20.22553696165049,-0.001061096985031429
12.0,6000,0.546702107152736,20.24549306870454,-0.001204560682273842
13.0,6500,0.5918668383348216,20.26536289075274,-0.0013553606594439715
14.0,7000,0.6369840106748232,20.285147102045713,-0.0015134225771947507
15.0,7500,0.682055924405152,20.304846348877664,-0.001678684746899306
16.0,8000,0.7270848398249594,20.324461250876478,-0.0018510978168273795
17.0,8500,0.7720729789891589,20.343992402261033,-0.0020306244989167777
18.0,9000,0.8170225273323717,20.363440373064762,-0.0022172393320109562
19.0,9500,0.8619356352370053,20.3828057103249,-0.0024109284779863516
20.0,10000,0.906814419553351,20.402088939236855,-0.002611689547857815
21.0,10500,0.9516609650788415,20.421290564273594,-0.0028195314555254647
22.0,11000,0.9964773260025369,20.440411070269803,-0.0030344742970916105
23.0,11500,1.0412655273203464,20.4594509234711,-0.0032565492542457886
24.0,12000,1.0860275662257208,20.478410572548388,-0.0034857985204989894
25.0,12500,1.1307654134800158,20.49729044957794,-0.003722275249201157
26.0,13000,1.1754810147662844,20.516090970987545,-0.003966043522763973
27.0,13500,1.2201762920297803,20.53481253846958,-0.004217178342563882
28.0,14000,1.2648531448081826,20.55345553986157,-0.004475765639198992
29.0,14500,1.3095134515541316,20.57202034999521,-0.004741902303070034
30.0,15000,1.3541590709525786,20.590507331514818,-0.005015696235298073
31.0,15500,1.398791843235174,20.60891683566607,-0.005297266419139884
32.0,16000,1.4434135914937183,20.627249203056305,-0.005586743012302331
33.0,16500,1.4880261229947278,20.645504764387418,-0.005884267460497611
34.0,17000,1.5326312304969143,20.663683841162573,-0.006189992632916086
35.0,17500,1.5772306935735192,20.68178674636793,-0.006504082980174325
36.0,18000,1.6218262799412024,20.69981378513082,-0.006826714715600368
37.0,18500,1.6664197467973823,20.717765255355484,-0.007158076020703785
38.0,19000,1.7110128421678341,20.73564144833788,-0.007498367275878187
39.0,19500,1.7556073062664663,20.753442649360824,-0.007847801317330094
40.0,20000,1.8002048728691857,20.771169138271013,-0.008206603721627681
41.0,20500,1.8448072707039493,20.78882119003918,-0.008575013119048597
42.0,21000,1.889416224859068,20.806399075304896,-0.008953281537346564
43.0,21500,1.934033458212161,20.82390306090762,-0.009341674777427561
44.0,22000,1.9786606928819992,20.841333410405284,-0.009740472822755752
45.0,22500,2.023299651705935,20.858690384581998,-0.010149970284398346
46.0,23000,2.0679520597455743,20.875974241946455,-0.010570476883760144
47.0,23500,2.112619645823636,20.893185239222596,-0.011002317975301157
48.0,24000,2.157304144095089,20.91032363183406,-0.011445835111687647
49.0,24500,2.2020072956559815,20.927389674384102,-0.011901386654040225
50.0,25000,2.246730850193428,20.944383621132605,-0.012369348430257221
51.0,25500,2.2914765676807662,20.961305726471963,-0.012850114444508592
52.0,26000,2.336246220121888,20.9781562454035,-0.013344097641415031
53.0,26500,2.3810415933492486,20.994935434016327,-0.013851730728682565
54.0,27000,2.425864488880359,21.011643549970437,-0.014373467062305773
55.0,27500,2.470716725837869,21.028280852986082,-0.01490978159878728
56.0,28000,2.515600142938795,21.044847605341428,-0.01546117191938809
57.0,28500,2.5605166005588744,21.06134407238062,-0.016028159331642172
58.0,29000,2.605467982878477,21.077770523034552,-0.016611290054099004
59.0,29500,2.6504562001170076,21.094127230356726,-0.017211136490698803
60.0,30000,2.6954831908632846,21.110414472076698,-0.01782829860177859
61.0,30500,2.740550924510039,21.12663253117381,-0.01846340537948854
62.0,31000,2.7856614038011127,21.142781696474167,-0.019117116436051684
63.0,31500,2.8308166675010495,21.158862263273832,-0.01979012371413813
64.0,32000,2.876018793197024,21.174874533991694,-0.02048315332974282
65.0,32500,2.9212699002443747,21.190818818855472,-0.021196967558604562
66.0,33000,2.9665721528675695,21.206695436624944,-0.021932366978766632
67.0,33500,3.0119277634297057,21.2225047153565,-0.022690192782838153
68.0,34000,3.057338995884399,21.238246993213707,-0.02347132927514159
69.0,34500,3.1028081694255647,21.25392261932904,-0.02427670657036582
70.0,35000,3.148337662351406,21.269531954722215,-0.025107303512154316
71.0,35500,3.1939299161606027,21.28507537328145,-0.02596415083222328
72.0,36000,3.2395874399002214,21.30055326281429,-0.02684833457239527
73.0,36500,3.285312814786349,21.315966026175573,-0.027760999794854413
74.0,37000,3.331108699120398,21.331314082480898,-0.028703354608451442
75.0,37500,3.376977833525885,21.346597868414786,-0.02967667454203854
76.0,38000,3.422923046532489,21.361817839644026,-0.030682307299440686
77.0,38500,3.468947260536653,21.376974472347488,-0.03172167793439046
78.0,39000,3.515053498169918,21.392068264875785,-0.03279629448839885
79.0,39500,3.5612448891091875,21.40709973955482,-0.0339077541394773
80.0,40000,3.607524677365051,21.422069444650013,-0.03505774991513039
81.0,40500,3.6538962290878074,21.436977956509406,-0.03624807802960142
82.0,41000,3.7003630409325328,21.451825881906608,-0.037480645912464416
83.0,41500,3.746928749028024,21.466613860607104,-0.03875748100366025
84.0,42000,3.7935971385963856,21.481342568184946,-0.040080740399521614
85.0,42500,3.840372154272506,21.496012719120024,-0.041452721444521085
86.0,43000,3.8872579111740633,21.510625070210907,-0.04287587337531848
87.0,43500,3.9342587067738193,21.525180424342807,-0.04435281013722728
88.0,44000,3.9813790336253896,21.53967963465598,-0.04588632450785968
89.0,44500,4.02862359299161,21.5541236091666,-0.04747940368059006
90.0,45000,4.075997309419971,21.56851331589963,-0.04913524647910408
91.0,44500,4.0548613626811125,21.560253615318253,-0.05046717944275761
92.0,44000,4.023936424490564,21.544597298260847,-0.05038777808431563
93.0,43500,3.9832142472926195,21.531364617357777,-0.04948481177547606
94.0,43000,3.939590980867722,21.51611520285245,-0.048184093004645656
95.0,42500,3.893085868368762,21.501926174555187,-0.04667614212011867
96.0,42000,3.8461019032166286,21.48688793847138,-0.045124328189323576
97.0,41500,3.7983449350232807,21.472311870333005,-0.043570288149261144
98.0,41000,3.7506869922177133,21.457327417995756,-0.04205614982634784
99.0,40500,3.702880509474168,21.44252198723914,-0.04058785051773936
100.0,40000,3.6552531144037084,21.42750142435853,-0.03917239678768117
101.0,39500,3.6076611660426683,21.412526459511994,-0.037809004278029607
102.0,39000,3.560229735130912,21.397423276299335,-0.03649636000594414
103.0,38500,3.512886725013491,21.38230416851334,-0.035232699563066155
104.0,38000,3.4656787269589504,21.367094875093535,-0.034015358221759745
105.0,37500,3.4185714888665975,21.35184186376604,-0.03284249215546334
106.0,37000,3.371580620559614,21.336514379737558,-0.03171161611212123
107.0,36500,3.32468958547468,21.32113071964533,-0.030620947387867525
108.0,36000,3.277901884230609,21.305678450064928,-0.029568387053619638
109.0,35500,3.231208732826257,21.29016429340127,-0.028552266047685182
110.0,35000,3.184609097165892,21.274583242884074,-0.027570813625111185
111.0,34500,3.1380974833357853,21.258937475438092,-0.026622503332374453
112.0,34000,3.091671314369932,21.24322488556635,-0.025705814114653364
113.0,33500,3.045326511338912,21.227445955325333,-0.024819369992628987
114.0,33000,2.999060090957089,21.211599677770046,-0.02396184253999259
115.0,32500,2.9528686329720655,21.19568594390706,-0.023131999703088907
116.0,32000,2.906749151305032,21.179704156476454,-0.02232866798707689
117.0,31500,2.8606985833411223,21.163654021636713,-0.02155074602812032
118.0,31000,2.8147140657136025,21.147535098482354,-0.020797189616948153
119.0,30500,2.7687927691861405,21.13134704895566,-0.020067013240746806
120.0,30000,2.7229319790510607,21.11508949784752,-0.01935928325666217
121.0,29500,2.6771290417218236,21.098762107430325,-0.018673115992095396
122.0,29000,2.6313813844393645,21.082364535613,-0.018007673784141004
123.0,28500,2.585686496534552,21.06589645667736,-0.017362162449257923
124.0,28000,2.5400419315280525,21.049357548976925,-0.016735828437858202
125.0,27500,2.4944452988932753,21.032747499979372,-0.01612795645837181
126.0,27000,2.4488942615838476,21.016066002442514,-0.015537867191084603
127.0,26500,2.4033865310560545,20.999312755161693,-0.014964915223570935
128.0,26000,2.357919863916092,20.98248746148133,-0.014408487135875836
129.0,25500,2.3124920581067356,20.965589828959722,-0.01386799973815725
130.0,25000,2.267100949624523,20.94861956851382,-0.013342898445597079
131.0,24500,2.221744409262391,20.931576393849134,-0.012832655777060192
132.0,24000,2.176420339593438,20.91446002078495,-0.012336769969823413
133.0,23500,2.13112667207313,20.897270166653144,-0.01185476369895197
134.0,23000,2.0858613642967425,20.88000654968364,-0.011386182894318475
135.0,22500,2.040622397377563,20.86266888841173,-0.010930595646796298
136.0,22000,1.9954077734452187,20.84525690108779,-0.01048759119725573
137.0,21500,1.950215513249841,20.827770305094138,-0.01005677900188015
138.0,21000,1.9050436538649707,20.810208816363566,-0.009637787868177983
139.0,20500,1.8598902464803846,20.79257214879876,-0.00923026515668296
140.0,20000,1.8147533542775403,20.774860013689825,-0.008833876043481598
141.0,19500,1.7696310503807864,20.75707211912821,-0.00844830283945247
142.0,19000,1.7245214158781144,20.739208169415047,-0.008073244362271886
143.0,18500,1.6794225379056562,20.721267864462053,-0.0077084153577063885
144.0,18000,1.6343325077907103,20.703250899183253,-0.007353545966913733
145.0,17500,1.5892494192484268,20.685156962875983,-0.007008381236833311
146.0,17000,1.544171366627642,20.66698573858932,-0.006672680671050618
147.0,16500,1.4990964432017586,20.648736902478667,-0.006346217818533589
148.0,16000,1.4540227395008194,20.630410123144856,-0.006028779898217984
149.0,15500,1.4089483416811295,20.612005060956413,-0.005720167457263836
150.0,15000,1.363871329929172,20.593521367353677,-0.005420194061200562
151.0,14500,1.318789776896479,20.57495868413345,-0.005128686014346212
152.0,14000,1.2737017461625895,20.55631664271304,-0.004845482108978505
153.0,13500,1.2286052907230807,20.537594863372505,-0.004570433401900803
154.0,13000,1.18349845149989,20.518792954474087,-0.004303403017375029
155.0,12500,1.1383792558711128,20.499910511657863,-0.004044265975267192
156.0,12000,1.093245716217582,20.4809471170127,-0.0037929090436853163
157.0,11500,1.0480958284833093,20.461902338221837,-0.003549230615359694
158.0,11000,1.0029275707470182,20.442775727682207,-0.003313140607297732
159.0,10500,0.9577389018016932,20.42356682159716,-0.00308456038340138
160.0,10000,0.9125277597390542,20.404275139041896,-0.0028634226998130174
161.0,9500,0.8672920605354932,20.384900181001502,-0.002649671673189191
162.0,9000,0.822029696635894,20.36544142938119,-0.002443262772064164
163.0,8500,0.7767385355313583,20.34589834598877,-0.0022441628319065376
164.0,8000,0.7314164183263704,20.326270371489493,-0.002052350094639027
165.0,7500,0.6860611582906941,20.30655692433346,-0.001867814273748214
166.0,7000,0.6406705393905429,20.286757399655976,-0.0016905566463942534
167.0,6500,0.5952423147931004,20.266871168151635,-0.0015205901744022865
168.0,6000,0.5497742053376645,20.246897574922716,-0.0013579396563427049
169.0,5500,0.5042638979660127,20.22683593830314,-0.0012026419135238442
170.0,5000,0.45870904410357394,20.20668554865892,-0.001054746013130825
171.0,4500,0.41310725798214115,20.186445667166858,-0.0009143135325866414
172.0,4000,0.36745611489363983,20.166115524572838,-0.0007814188696636803
173.0,3500,0.32175314936332766,20.145694319931877,-0.0006561496040242698
174.0,3000,0.27599585322940723,20.1251812193319,-0.0005386069164908525
175.0,2500,0.2301816736145989,20.104575354603753,-0.0004289060736669681
176.0,2000,0.1843080107735458,20.08387582202004,-0.000327176986624822
177.0,1500,0.13837221579817632,20.06308168098581,-0.00023356485381420544
178.0,1000,0.09237158816120687,20.042191952724217,-0.00014823089992535565
179.0,500,0.046303373075798696,20.021205618960813,-7.135322428067359e-05
0.0,0,0.0,20.0,5.551115123125783e-17
1.0,500,0.04606966100992385,20.02106968762606,-5.648376838163216e-05
2.0,1000,0.09190030073254214,20.041921889284204,-0.00011914525062650672
3.0,1500,0.13767770574303684,20.062690687900243,-0.00019093153529645135
4.0,2000,0.18338144318463148,20.083365096821478,-0.00027136047784673267
5.0,2500,0.2290148759978772,20.103946714788666,-0.00036023602985149616
6.0,3000,0.27458067516874285,20.1244364265212,-0.0004573600151914492
7.0,3500,0.3200815350242256,20.14483514503988,-0.0005625561901606846
8.0,4000,0.3655200903387949,20.165143740633418,-0.0006756646442939995
9.0,4500,0.41089892155614627,20.18536304777954,-0.0007965412497983049
10.0,5000,0.4562205569931008,20.205493866061804,-0.0009250569172693512
11.0,5500,0.5014874751985461,20.22553696165049,-0.0010610969850303742
12.0,6000,0.5467021071527357,20.24549306870454,-0.0012045606822747301
13.0,6500,0.5918668383348196,20.265362890752737,-0.0013553606594436662
14.0,7000,0.6369840106748239,20.285147102045713,-0.0015134225771932241
15.0,7500,0.6820559244051532,20.304846348877664,-0.0016786847468999166
16.0,8000,0.7270848398249607,20.32446125087648,-0.0018510978168263248
17.0,8500,0.7720729789891577,20.34399240226103,-0.0020306244989174993
18.0,9000,0.8170225273323705,20.363440373064762,-0.002217239332011567
19.0,9500,0.8619356352370067,20.3828057103249,-0.0024109284779840756
20.0,10000,0.9068144195533525,20.402088939236855,-0.00261168954785862
21.0,10500,0.9516609650788423,20.421290564273594,-0.0028195314555250206
22.0,11000,0.9964773260025321,20.440411070269803,-0.003034474297091111
23.0,11500,1.0412655273203437,20.4594509234711,-0.0032565492542465935
24.0,12000,1.0860275662257224,20.47841057254839,-0.0034857985205002107
25.0,12500,1.1307654134800178,20.49729044957794,-0.003722275249201601
26.0,13000,1.175481014766284,20.51609097098755,-0.003966043522767387
27.0,13500,1.2201762920297816,20.53481253846958,-0.00421717834256416
28.0,14000,1.2648531448081828,20.55345553986157,-0.004475765639197382
29.0,14500,1.3095134515541285,20.57202034999521,-0.0047419023030711716
30.0,15000,1.3541590709525804,20.59050733151481,-0.005015696235297212
31.0,15500,1.3987918432351734,20.608916835666065,-0.0052972664191407726
32.0,16000,1.4434135914937198,20.6272492030563,-0.005586743012301054
33.0,16500,1.4880261229947287,20.645504764387418,-0.005884267460498693
34.0,17000,1.5326312304969107,20.663683841162573,-0.0061899926329173904
35.0,17500,1.5772306935735199,20.68178674636793,-0.006504082980171716
36.0,18000,1.6218262799412062,20.699813785130814,-0.006826714715595178
37.0,18500,1.6664197467973842,20.71776525535548,-0.007158076020705562
38.0,19000,1.711012842167833,20.735641448337873,-0.007498367275878465
39.0,19500,1.7556073062664665,20.753442649360824,-0.007847801317333453
40.0,20000,1.800204872869186,20.77116913827102,-0.008206603721629874
41.0,20500,1.8448072707039496,20.788821190039172,-0.008575013119050595
42.0,21000,1.889416224859066,20.80639907530489,-0.008953281537347257
43.0,21500,1.9340334582121623,20.823903060907618,-0.00934167477742645
44.0,22000,1.9786606928819988,20.841333410405284,-0.009740472822756113
45.0,22500,2.023299651705932,20.858690384581994,-0.010149970284397875
46.0,23000,2.067952059745575,20.87597424194645,-0.010570476883762059
47.0,23500,2.112619645823636,20.893185239222596,-0.011002317975307568
48.0,24000,2.1573041440950917,20.910323631834064,-0.011445835111686398
49.0,24500,2.2020072956559837,20.927389674384102,-0.011901386654040835
50.0,25000,2.246730850193429,20.9443836211326,-0.012369348430256638
51.0,25500,2.291476567680765,20.961305726471963,-0.012850114444507926
52.0,26000,2.336246220121889,20.978156245403504,-0.013344097641413727
53.0,26500,2.3810415933492397,20.994935434016327,-0.013851730728684147
54.0,27000,2.4258644888803595,21.011643549970437,-0.01437346706230766
55.0,27500,2.4707167258378644,21.02828085298608,-0.014909781598791139
56.0,28000,2.5156001429387915,21.04484760534143,-0.015461171919388561
57.0,28500,2.5605166005588744,21.06134407238062,-0.016028159331640007
58.0,29000,2.6054679828784764,21.07777052303455,-0.0166112900540967
59.0,29500,2.650456200117008,21.094127230356726,-0.017211136490694695
60.0,30000,2.6954831908632877,21.110414472076698,-0.017828298601778314
61.0,30500,2.740550924510043,21.126632531173804,-0.0184634053794894
62.0,31000,2.785661403801114,21.142781696474167,-0.019117116436048548
63.0,31500,2.830816667501054,21.158862263273843,-0.01979012371413716
64.0,32000,2.8760187931970234,21.174874533991694,-0.02048315332974268
65.0,32500,2.9212699002443743,21.19081881885547,-0.021196967558603536
66.0,33000,2.9665721528675784,21.20669543662494,-0.02193236697876963
67.0,33500,3.0119277634297084,21.222504715356497,-0.022690192782838403
68.0,34000,3.0573389958844084,21.238246993213714,-0.02347132927514775
69.0,34500,3.102808169425567,21.253922619329046,-0.02427670657036199
70.0,35000,3.148337662351402,21.26953195472221,-0.02510730351215315
71.0,35500,3.1939299161606023,21.285075373281444,-0.025964150832222366
72.0,36000,3.2395874399002147,21.300553262814283,-0.02684833457239552
73.0,36500,3.285312814786349,21.31596602617557,-0.027760999794855412
74.0,37000,3.3311086991204,21.331314082480894,-0.02870335460844886
75.0,37500,3.376977833525884,21.346597868414797,-0.029676674542032877
76.0,38000,3.4229230465324867,21.36181783964402,-0.0306823072994426
77.0,38500,3.468947260536649,21.3769744723475,-0.03172167793438446
78.0,39000,3.515053498169922,21.392068264875785,-0.03279629448840568
79.0,39500,3.5612448891091852,21.40709973955481,-0.03390775413947886
80.0,40000,3.6075246773650482,21.42206944465001,-0.03505774991513719
81.0,40500,3.6538962290878088,21.436977956509413,-0.036248078029606834
82.0,41000,3.700363040932535,21.451825881906608,-0.03748064591246786
83.0,41500,3.7469287490280223,21.46661386060711,-0.03875748100366183
84.0,42000,3.793597138596387,21.48134256818495,-0.040080740399520864
85.0,42500,3.8403721542725147,21.49601271912002,-0.041452721444516866
86.0,43000,3.887257911174066,21.510625070210914,-0.042875873375317564
87.0,43500,3.934258706773822,21.525180424342807,-0.04435281013722453
88.0,44000,3.981379033625391,21.539679634655982,-0.04588632450785779
89.0,44500,4.028623592991615,21.554123609166602,-0.047479403680586646
90.0,45000,4.0759973094199715,21.568513315899633,-0.049135246479101446
91.0,44500,4.054861362681118,21.56025361531825,-0.05046717944276499
92.0,44000,4.023936424490566,21.544597298260843,-0.05038777808431913
93.0,43500,3.983214247292618,21.531364617357784,-0.049484811775481
94.0,43000,3.9395909808677136,21.516115202852454,-0.04818409300464682
95.0,42500,3.89308586836877,21.501926174555194,-0.046676142120117226
96.0,42000,3.8461019032166295,21.48688793847138,-0.04512432818932413
97.0,41500,3.798344935023286,21.472311870333005,-0.04357028814926603
98.0,41000,3.750686992217707,21.457327417995764,-0.04205614982635006
99.0,40500,3.70288050947417,21.44252198723914,-0.040587850517739166
100.0,40000,3.655253114403709,21.427501424358532,-0.03917239678768092
101.0,39500,3.6076611660426736,21.412526459511998,-0.037809004278033354
102.0,39000,3.560229735130913,21.39742327629934,-0.03649636000594422
103.0,38500,3.512886725013486,21.38230416851333,-0.03523269956306438
104.0,38000,3.465678726958947,21.36709487509354,-0.03401535822175372
105.0,37500,3.418571488866603,21.35184186376604,-0.03284249215546453
106.0,37000,3.371580620559621,21.336514379737565,-0.031711616112116675
107.0,36500,3.3246895854746805,21.321130719645332,-0.030620947387861974
108.0,36000,3.2779018842306082,21.305678450064924,-0.029568387053617834
109.0,35500,3.231208732826254,21.29016429340127,-0.028552266047680158
110.0,35000,3.1846090971658936,21.27458324288407,-0.02757081362510813
111.0,34500,3.138097483335789,21.258937475438096,-0.026622503332370956
112.0,34000,3.091671314369929,21.24322488556634,-0.025705814114651893
113.0,33500,3.0453265113389216,21.227445955325333,-0.024819369992628765
114.0,33000,2.9990600909570864,21.211599677770046,-0.023961842539992173
115.0,32500,2.952868632972061,21.19568594390706,-0.023131999703093875
116.0,32000,2.906749151305033,21.179704156476458,-0.02232866798707908
117.0,31500,2.860698583341119,21.163654021636713,-0.021550746028121986
118.0,31000,2.814714065713603,21.147535098482358,-0.02079718961694793
119.0,30500,2.7687927691861423,21.13134704895566,-0.020067013240744835
120.0,30000,2.722931979051055,21.115089497847517,-0.019359283256659227
121.0,29500,2.6771290417218303,21.098762107430318,-0.01867311599209323
122.0,29000,2.6313813844393574,21.082364535613003,-0.01800767378413945
123.0,28500,2.5856864965345516,21.065896456677358,-0.017362162449256313
124.0,28000,2.5400419315280507,21.049357548976925,-0.016735828437856093
125.0,27500,2.494445298893285,21.03274749997938,-0.01612795645837481
126.0,27000,2.4488942615838463,21.01606600244252,-0.01553786719108502
127.0,26500,2.403386531056052,20.999312755161686,-0.014964915223570574
128.0,26000,2.3579198639160963,20.98248746148133,-0.014408487135869535
129.0,25500,2.3124920581067396,20.96558982895972,-0.013867999738154307
130.0,25000,2.267100949624523,20.948619568513816,-0.013342898445597773
131.0,24500,2.2217444092623886,20.931576393849134,-0.012832655777061358
132.0,24000,2.1764203395934367,20.914460020784954,-0.01233676996982136
133.0,23500,2.1311266720731297,20.89727016665315,-0.01185476369895283
134.0,23000,2.0858613642967425,20.880006549683635,-0.011386182894318003
135.0,22500,2.0406223973775637,20.862668888411726,-0.01093059564679505
136.0,22000,1.9954077734452216,20.845256901087787,-0.010487591197256563
137.0,21500,1.9502155132498373,20.827770305094138,-0.010056779001877542
138.0,21000,1.9050436538649727,20.810208816363563,-0.009637787868176928
139.0,20500,1.8598902464803875,20.79257214879876,-0.009230265156682377
140.0,20000,1.8147533542775398,20.774860013689825,-0.008833876043483735
141.0,19500,1.7696310503807908,20.75707211912821,-0.00844830283944814
142.0,19000,1.724521415878113,20.739208169415047,-0.008073244362270054
143.0,18500,1.6794225379056533,20.721267864462046,-0.007708415357707471
144.0,18000,1.6343325077907107,20.703250899183253,-0.0073535459669129
145.0,17500,1.5892494192484274,20.685156962875975,-0.007008381236833311
146.0,17000,1.5441713666276418,20.66698573858932,-0.006672680671051645
147.0,16500,1.4990964432017575,20.648736902478667,-0.006346217818532479
148.0,16000,1.4540227395008214,20.630410123144856,-0.006028779898221315
149.0,15500,1.4089483416811308,20.612005060956417,-0.005720167457263892
150.0,15000,1.363871329929169,20.593521367353674,-0.005420194061199979
151.0,14500,1.318789776896478,20.574958684133446,-0.005128686014348571
152.0,14000,1.2737017461625908,20.55631664271304,-0.004845482108975091
153.0,13500,1.2286052907230802,20.537594863372508,-0.004570433401900081
154.0,13000,1.1834984514998899,20.51879295447409,-0.004303403017372975
155.0,12500,1.138379255871113,20.499910511657863,-0.004044265975270855
156.0,12000,1.093245716217582,20.4809471170127,-0.0037929090436859825
157.0,11500,1.048095828483308,20.461902338221837,-0.0035492306153614983
158.0,11000,1.0029275707470187,20.442775727682207,-0.003313140607299231
159.0,10500,0.9577389018016923,20.42356682159716,-0.003084560383401408
160.0,10000,0.9125277597390569,20.4042751390419,-0.0028634226998131285
161.0,9500,0.8672920605354937,20.384900181001505,-0.0026496716731895242
162.0,9000,0.8220296966358968,20.365441429381185,-0.0024432627720635536
163.0,8500,0.7767385355313586,20.345898345988765,-0.0022441628319053164
164.0,8000,0.7314164183263695,20.326270371489493,-0.0020523500946371676
165.0,7500,0.6860611582906941,20.30655692433346,-0.0018678142737462156
166.0,7000,0.6406705393905412,20.286757399655983,-0.0016905566463929766
167.0,6500,0.5952423147931003,20.26687116815163,-0.0015205901744003159
168.0,6000,0.5497742053376664,20.246897574922716,-0.001357939656342122
169.0,5500,0.5042638979660119,20.22683593830314,-0.001202641913522151
170.0,5000,0.45870904410357427,20.206685548658925,-0.001054746013132185
171.0,4500,0.41310725798214337,20.186445667166854,-0.0009143135325846985
172.0,4000,0.36745611489364044,20.16611552457284,-0.0007814188696655955
173.0,3500,0.321753149363327,20.14569431993188,-0.0006561496040252135
174.0,3000,0.27599585322940806,20.125181219331903,-0.0005386069164925456
175.0,2500,0.23018167361460024,20.104575354603753,-0.0004289060736661632
176.0,2000,0.18430801077354636,20.08387582202004,-0.00032717698662321215
177.0,1500,0.1383722157981764,20.06308168098581,-0.0002335648538114854
178.0,1000,0.09237158816120644,20.042191952724217,-0.00014823089992496707
179.0,500,0.04630337307580035,20.021205618960817,-7.135322428089563e-05
0.0,0,0.0,20.0,5.551115123125783e-17
1.0,500,0.04606966100992385,20.02106968762606,-5.648376838163216e-05
2.0,1000,0.09190030073254214,20.041921889284204,-0.00011914525062650672
3.0,1500,0.13767770574303684,20.062690687900243,-0.00019093153529645135
4.0,2000,0.18338144318463148,20.083365096821478,-0.00027136047784673267
5.0,2500,0.2290148759978772,20.103946714788666,-0.00036023602985149616
6.0,3000,0.27458067516874285,20.1244364265212,-0.0004573600151914492
7.0,3500,0.3200815350242256,20.14483514503988,-0.0005625561901606846
8.0,4000,0.3655200903387949,20.165143740633418,-0.0006756646442939995
9.0,4500,0.41089892155614627,20.18536304777954,-0.0007965412497983049
10.0,5000,0.4562205569931008,20.205493866061804,-0.0009250569172693512
11.0,5500,0.5014874751985461,20.22553696165049,-0.0010610969850303742
12.0,6000,0.5467021071527357,20.24549306870454,-0.0012045606822747301
13.0,6500,0.5918668383348196,20.265362890752737,-0.0013553606594436662
14.0,7000,0.6369840106748239,20.285147102045713,-0.0015134225771932241
15.0,7500,0.6820559244051532,20.304846348877664,-0.0016786847468999166
16.0,8000,0.7270848398249607,20.32446125087648,-0.0018510978168263248
17.0,8500,0.7720729789891577,20.34399240226103,-0.0020306244989174993
18.0,9000,0.8170225273323705,20.363440373064762,-0.002217239332011567
19.0,9500,0.8619356352370067,20.3828057103249,-0.0024109284779840756
20.0,10000,0.9068144195533525,20.402088939236855,-0.00261168954785862
21.0,10500,0.9516609650788423,20.421290564273594,-0.0028195314555250206
22.0,11000,0.9964773260025321,20.440411070269803,-0.003034474297091111
23.0,11500,1.0412655273203437,20.4594509234711,-0.0032565492542465935
24.0,12000,1.0860275662257224,20.47841057254839,-0.0034857985205002107
25.0,12500,1.1307654134800178,20.49729044957794,-0.003722275249201601
26.0,13000,1.175481014766284,20.51609097098755,-0.003966043522767387
27.0,13500,1.2201762920297816,20.53481253846958,-0.00421717834256416
28.0,14000,1.2648531448081828,20.55345553986157,-0.004475765639197382
29.0,14500,1.3095134515541285,20.57202034999521,-0.0047419023030711716
30.0,15000,1.3541590709525804,20.59050733151481,-0.005015696235297212
31.0,15500,1.3987918432351734,20.608916835666065,-0.0052972664191407726
32.0,16000,1.4434135914937198,20.6272492030563,-0.005586743012301054
33.0,16500,1.4880261229947287,20.645504764387418,-0.005884267460498693
34.0,17000,1.5326312304969107,20.663683841162573,-0.0061899926329173904
35.0,17500,1.5772306935735199,20.68178674636793,-0.006504082980171716
36.0,18000,1.6218262799412062,20.699813785130814,-0.006826714715595178
37.0,18500,1.6664197467973842,20.71776525535548,-0.007158076020705562
38.0,19000,1.711012842167833,20.735641448337873,-0.007498367275878465
39.0,19500,1.7556073062664665,20.753442649360824,-0.007847801317333453
40.0,20000,1.800204872869186,20.77116913827102,-0.008206603721629874
41.0,20500,1.8448072707039496,20.788821190039172,-0.008575013119050595
42.0,21000,1.889416224859066,20.80639907530489,-0.008953281537347257
43.0,21500,1.9340334582121623,20.823903060907618,-0.00934167477742645
44.0,22000,1.9786606928819988,20.841333410405284,-0.009740472822756113
45.0,22500,2.023299651705932,20.858690384581994,-0.010149970284397875
46.0,23000,2.067952059745575,20.87597424194645,-0.010570476883762059
47.0,23500,2.112619645823636,20.893185239222596,-0.011002317975307568
48.0,24000,2.1573041440950917,20.910323631834064,-0.011445835111686398
49.0,24500,2.2020072956559837,20.927389674384102,-0.011901386654040835
50.0,25000,2.246730850193429,20.9443836211326,-0.012369348430256638
51.0,25500,2.291476567680765,20.961305726471963,-0.012850114444507926
52.0,26000,2.336246220121889,20.978156245403504,-0.013344097641413727
53.0,26500,2.3810415933492397,20.994935434016327,-0.013851730728684147
54.0,27000,2.4258644888803595,21.011643549970437,-0.01437346706230766
55.0,27500,2.4707167258378644,21.02828085298608,-0.014909781598791139
56.0,28000,2.5156001429387915,21.04484760534143,-0.015461171919388561
57.0,28500,2.5605166005588744,21.06134407238062,-0.016028159331640007
58.0,29000,2.6054679828784764,21.07777052303455,-0.0166112900540967
59.0,29500,2.650456200117008,21.094127230356726,-0.017211136490694695
60.0,30000,2.6954831908632877,21.110414472076698,-0.017828298601778314
61.0,30500,2.740550924510043,21.126632531173804,-0.0184634053794894
62.0,31000,2.785661403801114,21.142781696474167,-0.019117116436048548
63.0,31500,2.830816667501054,21.158862263273843,-0.01979012371413716
64.0,32000,2.8760187931970234,21.174874533991694,-0.02048315332974268
65.0,32500,2.9212699002443743,21.19081881885547,-0.021196967558603536
66.0,33000,2.9665721528675784,21.20669543662494,-0.02193236697876963
67.0,33500,3.0119277634297084,21.222504715356497,-0.022690192782838403
68.0,34000,3.0573389958844084,21.238246993213714,-0.02347132927514775
69.0,34500,3.102808169425567,21.253922619329046,-0.02427670657036199
70.0,35000,3.148337662351402,21.26953195472221,-0.02510730351215315
71.0,35500,3.1939299161606023,21.285075373281444,-0.025964150832222366
72.0,36000,3.2395874399002147,21.300553262814283,-0.02684833457239552
73.0,36500,3.285312814786349,21.31596602617557,-0.027760999794855412
74.0,37000,3.3311086991204,21.331314082480894,-0.02870335460844886
75.0,37500,3.376977833525884,21.346597868414797,-0.029676674542032877
76.0,38000,3.4229230465324867,21.36181783964402,-0.0306823072994426
77.0,38500,3.468947260536649,21.3769744723475,-0.03172167793438446
78.0,39000,3.515053498169922,21.392068264875785,-0.03279629448840568
79.0,39500,3.5612448891091852,21.40709973955481,-0.03390775413947886
80.0,40000,3.6075246773650482,21.42206944465001,-0.03505774991513719
81.0,40500,3.6538962290878088,21.436977956509413,-0.036248078029606834
82.0,41000,3.700363040932535,21.451825881906608,-0.03748064591246786
83.0,41500,3.7469287490280223,21.46661386060711,-0.03875748100366183
84.0,42000,3.793597138596387,21.48134256818495,-0.040080740399520864
85.0,42500,3.8403721542725147,21.49601271912002,-0.041452721444516866
86.0,43000,3.887257911174066,21.510625070210914,-0.042875873375317564
87.0,43500,3.934258706773822,21.525180424342807,-0.04435281013722453
88.0,44000,3.981379033625391,21.539679634655982,-0.04588632450785779
89.0,44500,4.028623592991615,21.554123609166602,-0.047479403680586646
90.0,45000,4.0759973094199715,21.568513315899633,-0.049135246479101446
91.0,44500,4.054861362681118,21.56025361531825,-0.05046717944276499
92.0,44000,4.023936424490566,21.544597298260843,-0.05038777808431913
93.0,43500,3.983214247292618,21.531364617357784,-0.049484811775481
94.0,43000,3.9395909808677136,21.516115202852454,-0.04818409300464682
95.0,42500,3.89308586836877,21.501926174555194,-0.046676142120117226
96.0,42000,3.8461019032166295,21.48688793847138,-0.04512432818932413
97.0,41500,3.798344935023286,21.472311870333005,-0.04357028814926603
98.0,41000,3.750686992217707,21.457327417995764,-0.04205614982635006
99.0,40500,3.70288050947417,21.44252198723914,-0.040587850517739166
100.0,40000,3.655253114403709,21.427501424358532,-0.03917239678768092
101.0,39500,3.6076611660426736,21.412526459511998,-0.037809004278033354
102.0,39000,3.560229735130913,21.39742327629934,-0.03649636000594422
103.0,38500,3.512886725013486,21.38230416851333,-0.03523269956306438
104.0,38000,3.465678726958947,21.36709487509354,-0.03401535822175372
105.0,37500,3.418571488866603,21.35184186376604,-0.03284249215546453
106.0,37000,3.371580620559621,21.336514379737565,-0.031711616112116675
107.0,36500,3.3246895854746805,21.321130719645332,-0.030620947387861974
108.0,36000,3.2779018842306082,21.305678450064924,-0.029568387053617834
109.0,35500,3.231208732826254,21.29016429340127,-0.028552266047680158
110.0,35000,3.1846090971658936,21.27458324288407,-0.02757081362510813
111.0,34500,3.138097483335789,21.258937475438096,-0.026622503332370956
112.0,34000,3.091671314369929,21.24322488556634,-0.025705814114651893
113.0,33500,3.0453265113389216,21.227445955325333,-0.024819369992628765
114.0,33000,2.9990600909570864,21.211599677770046,-0.023961842539992173
115.0,32500,2.952868632972061,21.19568594390706,-0.023131999703093875
116.0,32000,2.906749151305033,21.179704156476458,-0.02232866798707908
117.0,31500,2.860698583341119,21.163654021636713,-0.021550746028121986
118.0,31000,2.814714065713603,21.147535098482358,-0.02079718961694793
119.0,30500,2.7687927691861423,21.13134704895566,-0.020067013240744835
120.0,30000,2.722931979051055,21.115089497847517,-0.019359283256659227
121.0,29500,2.6771290417218303,21.098762107430318,-0.01867311599209323
122.0,29000,2.6313813844393574,21.082364535613003,-0.01800767378413945
123.0,28500,2.5856864965345516,21.065896456677358,-0.017362162449256313
124.0,28000,2.5400419315280507,21.049357548976925,-0.016735828437856093
125.0,27500,2.494445298893285,21.03274749997938,-0.01612795645837481
126.0,27000,2.4488942615838463,21.01606600244252,-0.01553786719108502
127.0,26500,2.403386531056052,20.999312755161686,-0.014964915223570574
128.0,26000,2.3579198639160963,20.98248746148133,-0.014408487135869535
129.0,25500,2.3124920581067396,20.96558982895972,-0.013867999738154307
130.0,25000,2.267100949624523,20.948619568513816,-0.013342898445597773
131.0,24500,2.2217444092623886,20.931576393849134,-0.012832655777061358
132.0,24000,2.1764203395934367,20.914460020784954,-0.01233676996982136
133.0,23500,2.1311266720731297,20.89727016665315,-0.01185476369895283
134.0,23000,2.0858613642967425,20.880006549683635,-0.011386182894318003
135.0,22500,2.0406223973775637,20.862668888411726,-0.01093059564679505
136.0,22000,1.9954077734452216,20.845256901087787,-0.010487591197256563
137.0,21500,1.9502155132498373,20.827770305094138,-0.010056779001877542
138.0,21000,1.9050436538649727,20.810208816363563,-0.009637787868176928
139.0,20500,1.8598902464803875,20.79257214879876,-0.009230265156682377
140.0,20000,1.8147533542775398,20.774860013689825,-0.008833876043483735
141.0,19500,1.7696310503807908,20.75707211912821,-0.00844830283944814
142.0,19000,1.724521415878113,20.739208169415047,-0.008073244362270054
143.0,18500,1.6794225379056533,20.721267864462046,-0.007708415357707471
144.0,18000,1.6343325077907107,20.703250899183253,-0.0073535459669129
145.0,17500,1.5892494192484274,20.685156962875975,-0.007008381236833311
146.0,17000,1.5441713666276418,20.66698573858932,-0.006672680671051645
147.0,16500,1.4990964432017575,20.648736902478667,-0.006346217818532479
148.0,16000,1.4540227395008214,20.630410123144856,-0.006028779898221315
149.0,15500,1.4089483416811308,20.612005060956417,-0.005720167457263892
150.0,15000,1.363871329929169,20.593521367353674,-0.005420194061199979
151.0,14500,1.318789776896478,20.574958684133446,-0.005128686014348571
152.0,14000,1.2737017461625908,20.55631664271304,-0.004845482108975091
153.0,13500,1.2286052907230802,20.537594863372508,-0.004570433401900081
154.0,13000,1.1834984514998899,20.51879295447409,-0.004303403017372975
155.0,12500,1.138379255871113,20.499910511657863,-0.004044265975270855
156.0,12000,1.093245716217582,20.4809471170127,-0.0037929090436859825
157.0,11500,1.048095828483308,20.461902338221837,-0.0035492306153614983
158.0,11000,1.0029275707470187,20.442775727682207,-0.003313140607299231
159.0,10500,0.9577389018016923,20.42356682159716,-0.003084560383401408
160.0,10000,0.9125277597390569,20.4042751390419,-0.0028634226998131285
161.0,9500,0.8672920605354937,20.384900181001505,-0.0026496716731895242
162.0,9000,0.8220296966358968,20.365441429381185,-0.0024432627720635536
163.0,8500,0.7767385355313586,20.345898345988765,-0.0022441628319053164
164.0,8000,0.7314164183263695,20.326270371489493,-0.0020523500946371676
165.0,7500,0.6860611582906941,20.30655692433346,-0.0018678142737462156
166.0,7000,0.6406705393905412,20.286757399655983,-0.0016905566463929766
167.0,6500,0.5952423147931003,20.26687116815163,-0.0015205901744003159
168.0,6000,0.5497742053376664,20.246897574922716,-0.001357939656342122
169.0,5500,0.5042638979660119,20.22683593830314,-0.001202641913522151
170.0,5000,0.45870904410357427,20.206685548658925,-0.001054746013132185
171.0,4500,0.41310725798214337,20.186445667166854,-0.0009143135325846985
172.0,4000,0.36745611489364044,20.16611552457284,-0.0007814188696655955
173.0,3500,0.321753149363327,20.14569431993188,-0.0006561496040252135
174.0,3000,0.27599585322940806,20.125181219331903,-0.0005386069164925456
175.0,2500,0.23018167361460024,20.104575354603753,-0.0004289060736661632
176.0,2000,0.18430801077354636,20.08387582202004,-0.00032717698662321215
177.0,1500,0.1383722157981764,20.06308168098581,-0.0002335648538114854
178.0,1000,0.09237158816120644,20.042191952724217,-0.00014823089992496707
179.0,500,0.04630337307580035,20.021205618960817,-7.135322428089563e-05
