Time,Pressure,Position_X,Position_Y,Position_Z,Angle
0,0,-1.11022302462516E-16,20,-5.97395397039513E-17,0
0.001,0.08268,-0.00013644005336283,20.0082567621344,-1.52293587014026E-05,-0.0529281405788996
0.002,0.16536,-0.000432637045836459,20.0183742744495,1.15307468274068E-05,-0.129025900775501
0.003,0.24804,-0.000777177082441405,20.0281257443123,4.3259332293845E-05,-0.204560872454148
0.004,0.33072,-0.00109150748243558,20.0375363626173,6.19148352558152E-05,-0.274516204060666
0.005,0.4134,-0.00136140027635662,20.0469068654188,7.13198239277364E-05,-0.341932213815562
0.006,0.49608,-0.00160688253891556,20.0563282882865,7.81877851904846E-05,-0.409499895567166
0.007,0.57876,-0.001849202167999,20.0657893581548,8.50819391419019E-05,-0.477803216818829
0.008,0.66144,-0.0020971240392243,20.0752736315621,9.17298773104886E-05,-0.546485334842763
0.009,0.74412,-0.00234920581006559,20.0847764901469,9.73397144395697E-05,-0.615235579416718
0.01,0.8268,-0.00260091512706129,20.0942983958286,0.000101494410785767,-0.683987884351968
0.011,0.90948,-0.002849280703345,20.1038402868858,0.000104115263649988,-0.75278356601578
0.012,0.99216,-0.00309374999394368,20.1134025862734,0.000105249006021247,-0.821658596354167
0.013,1.07484,-0.00333505616999846,20.1229853643561,0.000104949008348526,-0.890621211689921
0.014,1.15752,-0.00357400294373011,20.1325885835842,0.000103242432018222,-0.959667368288141
0.015,1.2402,-0.00381095274334947,20.1422122203732,0.000100132454821106,-1.02879348386662
0.016,1.32288,-0.00404589460856636,20.1518562871089,9.56093724838224E-05,-1.09799906736581
0.017,1.40556,-0.00427869417470245,20.1615208141166,8.96609688513629E-05,-1.16728504720707
0.018,1.48824,-0.00450926339192598,20.1712058328247,8.22783400190484E-05,-1.23665233562831
0.019,1.57092,-0.00473759764220227,20.1809113709101,7.34568458431702E-05,-1.30610150502232
0.02,1.6536,-0.00496373980294407,20.1906374540034,6.31943410950159E-05,-1.37563296000227
0.021,1.73628,-0.00518773783446252,20.2003841078337,5.14891863871002E-05,-1.44524709921154
0.022,1.81896,-0.00540962522694732,20.210151358927,3.83392980041379E-05,-1.51494435743876
0.023,1.90164,-0.00562942185294779,20.2199392344383,2.37421737115922E-05,-1.58472518961804
0.024,1.98432,-0.00584714211031623,20.229747761887,7.69528955859612E-06,-1.65459005281906
0.025,2.067,-0.00606280101053924,20.2395769690553,-9.80360049358635E-06,-1.7245394005863
0.026,2.14968,-0.00627641587689337,20.2494268839927,-2.87563908621339E-05,-1.7945736841565
0.027,2.23236,-0.00648800537417649,20.2592975350394,-4.91646922451995E-05,-1.86469335446638
0.028,2.31504,-0.00669758810791193,20.2691889508335,-7.10299231674733E-05,-1.93489886300903
0.029,2.39772,-0.00690518189668027,20.279101160306,-9.43533649817724E-05,-2.00519066188941
0.03,2.4804,-0.00711080373658574,20.2890341926719,-0.000119136178390858,-2.07556920369635
0.031,2.56308,-0.00731447005518576,20.2989880774227,-0.000145379403156922,-2.14603494145029
0.032,2.64576,-0.00751619693158839,20.3089628443206,-0.000173083958690206,-2.21658832863128
0.033,2.72844,-0.00771600018032886,20.3189585233934,-0.000202250651443915,-2.28722981923608
0.034,2.81112,-0.00791389534061227,20.3289751449289,-0.00023288018702459,-2.35795986783493
0.035,2.8938,-0.00810989764191283,20.3390127394699,-0.000264973183197691,-2.42877892961962
0.036,2.97648,-0.00830402198619867,20.3490713378086,-0.000298530181481391,-2.49968746044519
0.037,3.05916,-0.00849628295199345,20.3591509709816,-0.000333551657048388,-2.57068591686843
0.038,3.14184,-0.0086866948090551,20.3692516702642,-0.000370038027531071,-2.64177475618433
0.039,3.22452,-0.00887527153323853,20.3793734671653,-0.000407989661410224,-2.7129544364611
0.04,3.3072,-0.00906202681714796,20.3895163934224,-0.000447406886250428,-2.78422541657444
0.041,3.38988,-0.00924697407734043,20.3996804809956,-0.000488289996604416,-2.85558815623938
0.042,3.47256,-0.00943012646010566,20.4098657620635,-0.000530639261822941,-2.9270431160416
0.043,3.55524,-0.00961149684738471,20.420072269017,-0.000574454933420548,-2.9985907574672
0.044,3.63792,-0.00979109786293292,20.4303000344547,-0.00061973725205523,-3.07023154293083
0.045,3.7206,-0.00996894187870873,20.4405490911777,-0.000666486454340066,-3.14196593580301
0.046,3.80328,-0.0101450410210573,20.4508194721844,-0.000714702779221019,-3.213794400436
0.047,3.88596,-0.0103194071765294,20.4611112106655,-0.000764386474180135,-3.2857174021888
0.048,3.96864,-0.0104920519974427,20.4714243399989,-0.000815537801136034,-3.35773540745092
0.049,4.05132,-0.0106629869071953,20.4817588937448,-0.000868157042144411,-3.42984888366562
0.05,4.134,-0.0108322231053118,20.4921149056407,-0.000922244504808149,-3.50205829935148
0.051,4.21668,-0.0109997715723821,20.5024924095967,-0.000977800527525562,-3.574364124124
0.052,4.29936,-0.0111656430748292,20.5128914396903,-0.00103482548446264,-3.646766828716
0.053,4.38204,-0.0113298481694744,20.523312030162,-0.00109331979032907,-3.71926688499695
0.054,4.46472,-0.0114923972079963,20.5337542154106,-0.00115328390496116,-3.79186476599239
0.055,4.5474,-0.0116533003412348,20.5442180299884,-0.00121471833765591,-3.86456094590193
0.056,4.63008,-0.011812567523327,20.5547035085971,-0.00127762365138873,-3.93735590011745
0.057,4.71276,-0.0119702085157418,20.5652106860828,-0.00134200046674013,-4.01025010523951
0.058,4.79544,-0.0121262328911914,20.5757395974324,-0.00140784946567324,-4.08324403909463
0.0590000000000001,4.87812,-0.0122806500374584,20.5862902777691,-0.00147517139519027,-4.1563381807516
0.06,4.9608,-0.0124334691610593,20.5968627623485,-0.00154396707069608,-4.22953301053669
0.0610000000000001,5.04348,-0.0125846992908881,20.6074570865546,-0.00161423737922066,-4.30282901004946
0.062,5.12616,-0.012734349281685,20.6180732858963,-0.00168598328250547,-4.37622666217723
0.063,5.20884,-0.0128824278175228,20.6287113960035,-0.00175920581988303,-4.44972645111032
0.064,5.29152,-0.013028943415176,20.6393714526241,-0.00183390611095257,-4.52332886235603
0.065,5.3742,-0.0131739044273915,20.6500534916204,-0.00191008535819264,-4.59703438275286
0.066,5.45688,-0.0133173190461326,20.6607575489665,-0.00198774484922931,-4.670843500484
0.067,5.53956,-0.0134591953057492,20.671483660745,-0.00206688595917633,-4.74475670509103
0.068,5.62224,-0.0135995410861084,20.6822318631443,-0.00214751015260487,-4.81877448748753
0.0690000000000001,5.70492,-0.013738364115689,20.6930021924566,-0.00222961898547589,-4.89289733997178
0.07,5.7876,-0.0138756719745852,20.7037946850751,-0.00231321410693188,-4.96712575624028
0.0710000000000001,5.87028,-0.0140114720975028,20.7146093774922,-0.00239829726085254,-5.04146023139978
0.072,5.95296,-0.0141457717767072,20.7254463062973,-0.00248487028733904,-5.11590126198066
0.0730000000000001,6.03563999999999,-0.0142785781649565,20.7363055081755,-0.00257293512409789,-5.19044934594896
0.0740000000000001,6.11831999999999,-0.0144098982783704,20.7471870199057,-0.00266249380759399,-5.26510498271912
0.0750000000000001,6.20099999999999,-0.014539738999292,20.7580908783595,-0.00275354847418689,-5.33986867316601
0.0760000000000001,6.28367999999999,-0.014668107079033,20.7690171205,-0.00284610136104801,-5.41474091963718
0.0770000000000001,6.36635999999999,-0.0147950091407892,20.7799657833807,-0.00294015480703324,-5.48972222596446
0.0780000000000001,6.44903999999999,-0.0149204516823139,20.7909369041451,-0.00303571125341778,-5.56481309747633
0.0790000000000001,6.53171999999999,-0.0150444410786608,20.8019305200256,-0.0031327732445976,-5.64001404100969
0.0800000000000001,6.61439999999999,-0.0151669835848903,20.8129466683435,-0.00323134342861846,-5.71532556492092
0.0810000000000001,6.69707999999999,-0.015288085338784,20.8239853865082,-0.00333142455762688,-5.79074817909813
0.0820000000000001,6.77975999999999,-0.0154077523634577,20.8350467120176,-0.0034330194883018,-5.8662823949718
0.0830000000000001,6.86243999999999,-0.0155259905699707,20.8461306824579,-0.00353613118214768,-5.94192872552624
0.0840000000000001,6.94511999999999,-0.0156428057599361,20.8572373355034,-0.00364076270576431,-6.01768768531082
0.0850000000000001,7.02779999999999,-0.0157582036280727,20.8683667089171,-0.00374691723106547,-6.09355979045052
0.0860000000000001,7.11047999999999,-0.015872189764753,20.879518840551,-0.00385459803540533,-6.16954555865692
0.0870000000000001,7.19315999999999,-0.0159847696584627,20.8906937683464,-0.00396380850167203,-6.24564550923808
0.0880000000000001,7.27583999999999,-0.0160959486982943,20.9018915303345,-0.00407455211837504,-6.32186016310944
0.0890000000000001,7.35851999999999,-0.0162057321763775,20.9131121646367,-0.00418683247963301,-6.39819004280344
0.0900000000000001,7.44119999999999,-0.0163141252902735,20.9243557094657,-0.0043006532852465,-6.47463567247943
0.0910000000000001,7.52387999999999,-0.0164211331452865,20.935622203126,-0.00441601834058596,-6.55119757793316
0.0920000000000001,7.60655999999999,-0.0165267607568432,20.9469116840144,-0.00453293155661527,-6.627876286606
0.0930000000000001,7.68923999999999,-0.0166310130527436,20.9582241906212,-0.00465139694985658,-6.7046723275942
0.0940000000000001,7.77191999999999,-0.0167338948754583,20.9695597615305,-0.00477141864223592,-6.78158623165678
0.0950000000000001,7.85459999999999,-0.0168354109842322,20.9809184354212,-0.00489300086110069,-6.85861853122453
0.0960000000000001,7.93727999999999,-0.016935566057344,20.9923002510679,-0.00501614793916183,-6.93576976040806
0.0970000000000001,8.01995999999999,-0.0170343646941965,21.0037052473415,-0.0051408643143939,-7.01304045500508
0.0980000000000001,8.10263999999999,-0.0171318114173689,21.0151334632098,-0.00526715452999844,-7.09043115250771
0.0990000000000001,8.18531999999999,-0.0172279106746991,21.0265849377385,-0.00539502323434846,-7.16794239210986
0.1,8.26799999999999,-0.0173226668412341,21.0380597100916,-0.00552447518096766,-7.24557471471316
0.101,8.35067999999999,-0.0174160842212506,21.0495578195321,-0.00565551522853405,-7.32332866293369
0.102,8.43335999999999,-0.0175081670500903,21.0610793054227,-0.00578814834083304,-7.40120478110716
0.103,8.51603999999999,-0.0175989194960941,21.0726242072262,-0.00592237958682509,-7.47920361529519
0.104,8.59871999999999,-0.0176883456623982,21.0841925645057,-0.00605821414064812,-7.55732571328901
0.105,8.68139999999999,-0.0177764495887388,21.0957844169254,-0.00619565728167367,-7.63557162461507
0.106,8.76407999999999,-0.0178632352531782,21.1073998042506,-0.00633471439461412,-7.71394190053861
0.107,8.84675999999999,-0.0179487065738329,21.1190387663479,-0.00647539096960414,-7.7924370940674
0.108,8.92943999999999,-0.0180328674105232,21.1307013431854,-0.0066176926023387,-7.87105775995506
0.109,9.01211999999999,-0.0181157215663983,21.1423875748327,-0.00676162499418623,-7.94980445470361
0.11,9.09479999999999,-0.0181972727895268,21.1540975014609,-0.00690719395239292,-8.02867773656626
0.111,9.17747999999999,-0.0182775247745047,21.1658311633425,-0.00705440539027896,-8.10767816554917
0.112,9.26015999999999,-0.018356481163871,21.1775886008508,-0.00720326532743638,-8.18680630341248
0.113,9.34283999999999,-0.018434145549649,21.18936985446,-0.00735377988998274,-8.26606271367222
0.114,9.42551999999999,-0.0185105214748263,21.2011749647446,-0.00750595531076732,-8.34544796160007
0.115,9.50819999999999,-0.0185856124346845,21.2130039723786,-0.00765979792973504,-8.4249626142238
0.116,9.59087999999999,-0.0186594218782355,21.2248569181353,-0.00781531419418727,-8.50460724032735
0.117,9.67355999999999,-0.0187319532096048,21.2367338428862,-0.00797251065912633,-8.58438241044989
0.118,9.75623999999999,-0.0188032097892368,21.2486347876005,-0.00813139398754898,-8.66428869688426
0.119,9.83891999999999,-0.0188731949353627,21.2605597933439,-0.00829197095087921,-8.74432667367603
0.12,9.92159999999999,-0.0189419119251079,21.2725089012774,-0.00845424842929729,-8.82449691662121
0.121,10.00428,-0.0190093639958149,21.2844821526569,-0.00861823341215925,-8.90480000326379
0.122,10.08696,-0.0190755543462703,21.2964795888309,-0.00878393299842319,-8.98523651289315
0.123,10.16964,-0.0191404861378551,21.3085012512403,-0.00895135439706189,-9.06580702654045
0.124,10.25232,-0.0192041624957355,21.3205471814162,-0.00912050492749415,-9.14651212697496
0.125,10.335,-0.0192665865100095,21.3326174209784,-0.00929139202006724,-9.2273523987002
0.126,10.41768,-0.019327761236923,21.3447120116345,-0.00946402321652558,-9.30832842794942
0.127,10.50036,-0.0193876896998225,21.3568309951774,-0.00963840617050952,-9.38944080268041
0.128,10.58304,-0.019446374890355,21.368974413484,-0.0098145486480362,-9.4706901125705
0.129,10.66572,-0.0195038197695496,21.3811423085132,-0.00999245852794687,-9.55207694901021
0.13,10.7484,-0.0195600272688631,21.3933347223038,-0.0101721438025411,-9.63360190509803
0.131,10.83108,-0.0196150002912044,21.4055516969728,-0.0103536125780168,-9.71526557563298
0.132,10.91376,-0.0196687417120058,21.417793274713,-0.0105368730750092,-9.79706855710823
0.133,10.99644,-0.0197212543802366,21.4300594977908,-0.0107219336291199,-9.87901144770311
0.134,11.07912,-0.0197725411193832,21.4423504085443,-0.0109088026915098,-9.96109484727592
0.135,11.1618,-0.0198226047285147,21.4546660493805,-0.0110974888294385,-10.0433193573557
0.136,11.24448,-0.0198714479831883,21.4670064627729,-0.011288000726754,-10.1256855811334
0.137,11.32716,-0.0199190736365334,21.4793716912594,-0.0114803471845105,-10.2081941234526
0.138,11.40984,-0.019965484420089,21.4917617774393,-0.0116745371215156,-10.2908455908008
0.139,11.49252,-0.0200106830449103,21.504176763971,-0.0118705795749178,-10.3736405912991
0.14,11.5752,-0.0200546722024038,21.516616693569,-0.0120684837007367,-10.4565797346922
0.141,11.65788,-0.0200974545653757,21.5290816090011,-0.0122682587744244,-10.5396636323373
0.142,11.74056,-0.0201390327888866,21.5415715530858,-0.0124699141914298,-10.6228928971936
0.143,11.82324,-0.0201794095112488,21.5540865686894,-0.0126734594678568,-10.7062681438104
0.144,11.90592,-0.0202185873549083,21.5666266987227,-0.0128789042409404,-10.7897899883156
0.145,11.9886,-0.0202565689274916,21.579191986138,-0.0130862582696197,-10.8734590484026
0.146,12.07128,-0.0202933568225485,21.5917824739264,-0.0132955314351342,-10.9572759433181
0.147,12.15396,-0.0203289536206286,21.6043982051141,-0.0135067337415831,-11.0412412938487
0.148,12.23664,-0.020363361890133,21.6170392227595,-0.0137198753164978,-11.1253557223071
0.149,12.31932,-0.0203965841881782,21.6297055699497,-0.0139349664113908,-11.2096198525185
0.15,12.402,-0.0204286230616492,21.6423972897974,-0.0141520174022997,-11.294034309805
0.151,12.48468,-0.0204594810479712,21.6551144254371,-0.0143710387903682,-11.3785997209711
0.152,12.56736,-0.0204891606761125,21.6678570200219,-0.0145920412023881,-11.4633167142887
0.153,12.65004,-0.020517664467445,21.6806251167198,-0.0148150353913634,-11.5481859194801
0.154,12.73272,-0.0205449949366446,21.6934187587103,-0.0150400322370452,-11.6332079677024
0.155,12.8154,-0.0205711545926635,21.7062379891805,-0.0152670427464391,-11.7183834915296
0.156,12.89808,-0.0205961459395798,21.7190828513214,-0.0154960780544286,-11.8037131249364
0.157,12.98076,-0.020619971477508,21.7319533883241,-0.0157271494242058,-11.8891975032789
0.158,13.06344,-0.0206426337035056,21.7448496433763,-0.0159602682478495,-11.9748372632771
0.159,13.14612,-0.0206641351125367,21.7577716596578,-0.016195446046863,-12.0606330429954
0.16,13.2288,-0.0206844781983077,21.770719480337,-0.016432694472656,-12.1465854818235
0.161,13.31148,-0.0207036654542567,21.7836931485667,-0.0166720253070839,-12.2326952204558
0.162,13.39416,-0.0207216993743897,21.7966927074797,-0.0169134504629818,-12.318962900872
0.163,13.47684,-0.0207385824542296,21.8097182001854,-0.0171569819845913,-12.4053891663143
0.164,13.55952,-0.0207543171917619,21.8227696697647,-0.017402632048105,-12.4919746612672
0.165,13.6422,-0.0207689060882913,21.8358471592664,-0.0176504129621327,-12.5787200314346
0.166,13.72488,-0.0207823516494281,21.8489507117023,-0.0179003371682632,-12.6656259237175
0.167,13.80756,-0.0207946563859654,21.8620803700434,-0.0181524172414464,-12.7526929861898
0.168,13.89024,-0.0208058228147966,21.8752361772147,-0.0184066658904768,-12.8399218680753
0.169,13.97292,-0.0208158534599012,21.8884181760914,-0.0186630959585014,-12.9273132197225
0.17,14.0556,-0.0208247508532317,21.9016264094936,-0.018921720423528,-13.0148676925802
0.171,14.13828,-0.0208325175356804,21.9148609201822,-0.0191825523987663,-13.1025859391713
0.172,14.22096,-0.0208391560579584,21.9281217508538,-0.0194456051331436,-13.1904686130662
0.173,14.30364,-0.0208446689815898,21.9414089441359,-0.0197108920117399,-13.2785163688564
0.174,14.38632,-0.0208490588798721,21.9547225425822,-0.0199784265562197,-13.3667298621268
0.175,14.469,-0.0208523283387755,21.9680625886675,-0.0202482224252901,-13.4551097494276
0.176,14.55168,-0.0208544799578967,21.9814291247828,-0.0205202934150513,-13.5436566882447
0.177,14.63436,-0.0208555163514559,21.9948221932301,-0.0207946534595091,-13.6323713369714
0.178,14.71704,-0.0208554401492519,22.0082418362172,-0.0210713166309147,-13.721254354877
0.179,14.79972,-0.0208542539975758,22.0216880958525,-0.0213502971402277,-13.8103064020766
0.18,14.8824,-0.0208519605602337,22.0351610141399,-0.0216316093374741,-13.8995281394999
0.181,14.96508,-0.020848562519497,22.0486606329731,-0.0219152677121576,-13.9889202288583
0.182,15.04776,-0.0208440625770624,22.0621869941301,-0.0222012868936017,-14.0784833326123
0.183,15.13044,-0.0208384634550559,22.0757401392681,-0.0224896816513976,-14.1682181139377
0.184,15.21312,-0.020831767897016,22.0893201099174,-0.0227804668957949,-14.258125236692
0.185,15.2958,-0.0208239786688874,22.102926947476,-0.0230736576779653,-14.3482053653783
0.186,15.37848,-0.0208150985600123,22.1165606932036,-0.0233692691904202,-14.4384591651104
0.187,15.46116,-0.0208051303840927,22.1302213882161,-0.0236673167674087,-14.5288873015756
0.188,15.54384,-0.0207940769802312,22.1439090734792,-0.0239678158852071,-14.619490440998
0.189,15.62652,-0.0207819412139095,22.1576237898028,-0.0242707821624678,-14.7102692501002
0.19,15.7092,-0.0207687259780575,22.1713655778345,-0.0245762313605606,-14.8012243960649
0.191,15.79188,-0.0207544341940287,22.1851344780539,-0.0248841793839301,-14.8923565464947
0.192,15.87456,-0.0207390688125582,22.1989305307659,-0.0251946422804223,-14.9836663693725
0.193,15.95724,-0.0207226328149236,22.2127537760946,-0.0255076362414769,-15.0751545330199
0.194,16.03992,-0.0207051292138425,22.2266042539768,-0.0258231776026079,-15.1668217060553
0.195,16.1226,-0.0206865610545922,22.2404820041555,-0.0261412828435802,-15.2586685573513
0.196,16.20528,-0.0206669314159971,22.254387066173,-0.0264619685887627,-15.3506957559916
0.197,16.28796,-0.0206462434115422,22.2683194793648,-0.0267852516074507,-15.4429039712262
0.198,16.37064,-0.0206245001902853,22.2822792828524,-0.0271111488140478,-15.5352938724258
0.199,16.45332,-0.0206017049380397,22.2962665155363,-0.0274396772683727,-15.6278661290366
0.2,16.536,-0.0205778608783752,22.3102812160896,-0.0277708541760183,-15.7206214105331
0.201,16.61868,-0.0205529712736689,22.3243234229502,-0.0281046968884666,-15.8135603863703
0.202,16.70136,-0.0205270394261648,22.3383931743144,-0.0284412229034492,-15.9066837259352
0.203,16.78404,-0.0205000686790607,22.352490508129,-0.0287804498651314,-15.9999920984971
0.204,16.86672,-0.0204720624176108,22.3666154620845,-0.0291223955644101,-16.0934861731577
0.205,16.9494,-0.0204430240701333,22.3807680736074,-0.0294670779390372,-16.1871666187994
0.206,17.03208,-0.0204129571090909,22.3949483798527,-0.0298145150739927,-16.2810341040335
0.207,17.11476,-0.0203818650522132,22.4091564176963,-0.0301647252015762,-16.3750892971466
0.208,17.19744,-0.0203497514635663,22.4233922237273,-0.0305177267016166,-16.4693328660476
0.209,17.28012,-0.0203166199546402,22.4376558342403,-0.0308735381017571,-16.5637654782114
0.21,17.3628,-0.0202824741854407,22.4519472852274,-0.0312321780776377,-16.6583878006251
0.211,17.44548,-0.0202473178656195,22.4662666123701,-0.0315936654528986,-16.7532004997286
0.212,17.52816,-0.020211154755432,22.4806138510315,-0.0319580191995637,-16.848204241359
0.213,17.61084,-0.0201739886670896,22.4949890362478,-0.0323252584381906,-16.9433996906912
0.214,17.69352,-0.0201358234655913,22.5093922027201,-0.0326954024379057,-17.0387875121782
0.215,17.7762,-0.0200966630700145,22.5238233848062,-0.0330684706165848,-17.1343683694899
0.216,17.85888,-0.020056511454563,22.5382826165118,-0.0334444825410687,-17.2301429254526
0.217,17.94156,-0.0200153726496757,22.5527699314822,-0.0338234579272237,-17.3261118419859
0.218,18.02424,-0.0199732507431339,22.5672853629933,-0.0342054166400764,-17.4222757800383
0.219,18.10692,-0.0199301498811811,22.5818289439431,-0.0345903786939617,-17.5186353995242
0.22,18.1896,-0.0198860742696864,22.5964007068426,-0.0349783642525351,-17.6151913592566
0.221,18.27228,-0.0198410281751825,22.6110006838071,-0.0353693936289324,-17.7119443168814
0.222,18.35496,-0.0197950159260202,22.6256289065466,-0.0357634872858738,-17.8088949288095
0.223,18.43764,-0.0197480419135544,22.640285406357,-0.0361606658356579,-17.9060438501482
0.224,18.52032,-0.0197001105931391,22.6549702141108,-0.0365609500402876,-18.003391734631
0.225,18.603,-0.0196512264853992,22.6696833602475,-0.0369643608114324,-18.1009392345467
0.226,18.68568,-0.0196013941772055,22.684424874764,-0.0373709192105727,-18.1986870006683
0.227,18.76836,-0.0195506183229239,22.6991947872055,-0.037780646449008,-18.2966356821794
0.228,18.85104,-0.0194989036454379,22.7139931266551,-0.0381935638877455,-18.3947859266
0.229,18.93372,-0.0194462549373504,22.7288199217246,-0.038609693037685,-18.4931383797116
0.23,19.0164,-0.0193926770621246,22.743675200544,-0.0390290555594761,-18.5916936854812
0.231,19.09908,-0.0193381749551123,22.758558990752,-0.0394516732636107,-18.6904524859839
0.232,19.18176,-0.0192827536247252,22.7734713194855,-0.0398775681102623,-18.7894154213238
0.233,19.26444,-0.019226418153619,22.7884122133696,-0.040306762209306,-18.8885831295555
0.234,19.34712,-0.0191691736997122,22.803381698507,-0.0407392778203108,-18.9879562466026
0.235,19.4298,-0.0191110254974086,22.8183798004678,-0.04117513735237,-19.0875354061764
0.236,19.51248,-0.0190519788586201,22.8334065442788,-0.0416143633641076,-19.1873212396929
0.237,19.59516,-0.0189920391739178,22.8484619544128,-0.0420569785635176,-19.287314376189
0.238,19.67784,-0.0189312119137058,22.8635460547782,-0.0425030058078772,-19.3875154422367
0.239,19.76052,-0.0188695026292459,22.8786588687075,-0.0429524681035875,-19.4879250618575
0.24,19.8432,-0.0188069169538028,22.8938004189469,-0.0434053886061203,-19.5885438564342
0.241,19.92588,-0.0187434606037765,22.908970727645,-0.043861790619734,-19.6893724446233
0.242,20.00856,-0.0186791393797533,22.9241698163416,-0.0443216975974082,-19.7904114422642
0.243,20.09124,-0.0186139591676582,22.9393977059565,-0.0447851331405996,-19.891661462289
0.244,20.17392,-0.0185479259397882,22.954654416778,-0.0452521209991384,-19.9931231146302
0.245,20.2566,-0.0184810457559843,22.9699399684516,-0.0457226850708225,-20.0947970061276
0.246,20.33928,-0.0184133247646243,22.9852543799681,-0.0461968494013292,-20.1966837404332
0.247,20.42196,-0.018344769203791,23.0005976696524,-0.0466746381839712,-20.2987839179167
0.248,20.50464,-0.0182753854022582,23.0159698551513,-0.0471560757593306,-20.4010981355679
0.249,20.58732,-0.0182051797806637,23.0313709534215,-0.0476411866150845,-20.5036269868995
0.25,20.67,-0.0181341588524727,23.0468009807181,-0.0481299953855903,-20.6063710618471
0.251,20.75268,-0.018062329225072,23.0622599525824,-0.0486225268516656,-20.7093309466696
0.252,20.83536,-0.0179896976009091,23.0777478838292,-0.0491188059401484,-20.8125072238477
0.253,20.91804,-0.0179162707783258,23.093264788535,-0.0496188577236486,-20.915900471981
0.254,21.00072,-0.0178420556528063,23.1088106800257,-0.0501227074201021,-21.019511265684
0.255,21.0834,-0.0177670592178821,23.1243855708637,-0.0506303803923507,-21.1233401754818
0.256,21.16608,-0.0176912885662305,23.1399894728356,-0.0511419021477803,-21.2273877677034
0.257,21.24876,-0.0176147508905801,23.1556223969394,-0.0516572983378981,-21.3316546043746
0.258,21.33144,-0.0175374534847911,23.1712843533721,-0.052176594757777,-21.4361412431092
0.259,21.41412,-0.0174594037448237,23.1869753515163,-0.0526998173457357,-21.5408482369996
0.26,21.4968,-0.0173806091697971,23.2026953999275,-0.0532269921826452,-21.6457761345059
0.261,21.57948,-0.0173010773627765,23.2184445063213,-0.0537581454916073,-21.7509254793437
0.262,21.66216,-0.0172208160318725,23.23422267756,-0.0542933036372536,-21.8562968103712
0.263,21.74484,-0.0171398329912005,23.2500299196395,-0.0548324931252033,-21.961890661474
0.264,21.82752,-0.0170581361617421,23.2658662376758,-0.05537574060159,-22.0677075614511
0.265,21.9102,-0.0169757335723043,23.2817316358921,-0.0559230728523327,-22.1737480338971
0.266,21.99288,-0.0168926333604231,23.2976261176048,-0.0564745168025353,-22.2800125970847
0.267,22.07556,-0.0168088437732983,23.3135496852103,-0.0570300995158349,-22.3865017638458
0.268,22.15824,-0.0167243731685996,23.3295023401714,-0.0575898481937933,-22.4932160414521
0.269,22.24092,-0.0166392300154442,23.3454840830035,-0.0581537901749666,-22.6001559314919
0.27,22.3236,-0.0165534228952064,23.3614949132606,-0.0587219529344181,-22.7073219297508
0.271,22.40628,-0.016466960502257,23.3775348295221,-0.0592943640828095,-22.8147145260856
0.272,22.48896,-0.0163798516449784,23.3936038293782,-0.0598710513657737,-22.9223342043017
0.273,22.57164,-0.016292105246445,23.4097019094164,-0.0604520426628731,-23.0301814420267
0.274,22.65432,-0.0162037303452445,23.4258290652072,-0.0610373659869299,-23.1382567105833
0.275,22.737,-0.0161147360962789,23.4419852912902,-0.0616270494832012,-23.2465604748635
0.276,22.81968,-0.0160251317715022,23.4581705811595,-0.0622211214283039,-23.355093193197
0.277,22.90236,-0.0159349267607178,23.4743849272502,-0.0628196102294685,-23.4638553172245
0.278,22.98504,-0.0158441305722151,23.4906283209234,-0.0634225444234445,-23.5728472917642
0.279,23.06772,-0.0157527528334952,23.5069007524524,-0.0640299526757329,-23.6820695546822
0.28,23.1504,-0.015660803292038,23.5232022110078,-0.0646418637793921,-23.7915225367582
0.281,23.23308,-0.0155682918158918,23.5395326846437,-0.0652583066540889,-23.901206661553
0.282,23.31576,-0.0154752283943131,23.5558921602825,-0.0658793103450134,-24.0111223452723
0.283,23.39844,-0.0153816231385063,23.5722806237009,-0.0665049040218191,-24.1212699966328
0.284,23.48112,-0.0152874862820718,23.5886980595154,-0.0671351169774853,-24.2316500167247
0.285,23.5638,-0.0151928281817066,23.605144451167,-0.0677699786271031,-24.3422627988735
0.286,23.64648,-0.0150976593177202,23.6216197809076,-0.0684095185068588,-24.4531087285036
0.287,23.72916,-0.0150019902946218,23.6381240297843,-0.0690537662726009,-24.5641881829973
0.288,23.81184,-0.0149058318415107,23.6546571776256,-0.0697027516988589,-24.6755015315564
0.289,23.89452,-0.0148091948127958,23.671219203026,-0.0703565046772794,-24.7870491350597
0.29,23.9772,-0.0147120901884016,23.6878100833319,-0.0710150552154909,-24.8988313459226
0.291,24.05988,-0.0146145290744587,23.7044297946261,-0.0716784334358437,-25.0108485079549
0.292,24.14256,-0.0145165227035901,23.721078311714,-0.0723466695738603,-25.123100956217
0.293,24.22524,-0.0144180824353274,23.7377556081081,-0.0730197939768791,-25.2355890168765
0.294,24.30792,-0.0143192197565521,23.7544616560133,-0.0736978371026899,-25.3483130070634
0.295,24.3906,-0.0142199462817075,23.7711964263127,-0.074380829518069,-25.4612732347263
0.296,24.47328,-0.0141202737532939,23.7879598885521,-0.0750688018971693,-25.5744699984847
0.297,24.55596,-0.0140202140420774,23.8047520109259,-0.0757617850200658,-25.6879035874844
0.298,24.63864,-0.01391977914737,23.8215727602621,-0.0764598097711557,-25.80157428125
0.299,24.72132,-0.0138189811972031,23.8384221020073,-0.0771629071376718,-25.9154823495377
0.3,24.804,-0.0137178324487752,23.8553000002128,-0.0778711082078133,-26.0296280521877
0.301,24.88668,-0.0136163452883042,23.8722064175191,-0.0785844441693673,-26.1440116389756
0.302,24.96936,-0.0135145322315334,23.8891413151418,-0.0793029463078277,-26.2586333494646
0.303,25.05204,-0.0134124059236245,23.9061046528569,-0.0800266460045921,-26.3734934128552
0.304,25.13472,-0.0133099791393888,23.9230963889863,-0.0807555747354833,-26.4885920478373
0.305,25.2174,-0.0132072647832883,23.940116480383,-0.0814897640686777,-26.6039294624399
0.306,25.30008,-0.013104275889642,23.9571648824172,-0.0822292456629065,-26.7195058538809
0.307,25.38276,-0.0130010256224709,23.9742415489615,-0.0829740512657477,-26.835321408419
0.308,25.46544,-0.0128975272755901,23.9913464323771,-0.0837242127116095,-26.9513763012011
0.309,25.54812,-0.0127937942725496,24.0084794834989,-0.0844797619198294,-27.0676706961142
0.31,25.6308,-0.0126898401666825,24.0256406516217,-0.0852407308926346,-27.1842047456336
0.311,25.71348,-0.0125856786407726,24.0428298844862,-0.0860071517133171,-27.3009785906741
0.312,25.79616,-0.0124813235072841,24.060047128265,-0.0867790565439776,-27.4179923604384
0.313,25.87884,-0.0123767887078669,24.0772923275487,-0.0875564776236796,-27.5352461722684
0.314,25.96152,-0.0122720883134742,24.0945654253318,-0.0883394472662936,-27.6527401314942
0.315,26.0442,-0.0121672365240242,24.1118663629995,-0.0891279978582183,-27.7704743312852
0.316,26.12688,-0.0120622476681228,24.129195080314,-0.0899221618565094,-27.8884488525005
0.317,26.20956,-0.0119571362030144,24.1465515154009,-0.0907219717864347,-28.00666376354
0.318,26.29224,-0.0118519167140093,24.163935604736,-0.0915274602393888,-28.1251191201946
0.319,26.37492,-0.0117466039145439,24.1813472831321,-0.0923386598707321,-28.2438149655003
0.32,26.4576,-0.0116412126455662,24.198786483726,-0.0931556033973462,-28.3627513295888
0.321,26.54028,-0.011535757875311,24.2162531379657,-0.0939783235954507,-28.4819282295413
0.322,26.62296,-0.0114302546988157,24.2337471755974,-0.0948068532981832,-28.6013456692407
0.323,26.70564,-0.0113247183376206,24.2512685246532,-0.0956412253934272,-28.7210036392284
0.324,26.78832,-0.0112191641393207,24.2688171114386,-0.0964814728212152,-28.8409021165572
0.325,26.871,-0.0111136075771805,24.2863928605201,-0.0973276285715565,-28.9610410646486
0.326,26.95368,-0.0110080642494049,24.3039956947136,-0.0981797256818274,-29.0814204331489
0.327,27.03636,-0.0109025498789803,24.3216255350722,-0.0990377972343835,-29.2020401577883
0.328,27.11904,-0.0107970803129048,24.3392823008745,-0.0999018763541742,-29.3229001602388
0.329,27.20172,-0.0106916715218233,24.3569659096135,-0.100771996206226,-29.444000347975
0.33,27.2844,-0.0105863395993056,24.3746762769849,-0.101648189993059,-29.5653406141359
0.331,27.36708,-0.0104811007614141,24.3924133168768,-0.102530490952264,-29.6869208373868
0.332,27.44976,-0.010375971346186,24.410176941358,-0.103418932353858,-29.8087408817849
0.333,27.53244,-0.0102709678128576,24.4279670606684,-0.104313547497885,-29.930800596644
0.334,27.61512,-0.0101661067412582,24.445783583208,-0.105214369711744,-30.0530998164022
0.335,27.6978,-0.0100614048313203,24.4636264155271,-0.106121432347633,-30.1756383604912
0.336,27.78048,-0.00995687890227515,24.4814954623169,-0.107034768780032,-30.2984160332062
0.337,27.86316,-0.00985254589223772,24.4993906263993,-0.107954412403048,-30.4214326235806
0.338,27.94584,-0.00974842285731742,24.5173118087183,-0.108880396627817,-30.5446879052586
0.339,28.02852,-0.00964452697112322,24.5352589083307,-0.109812754879859,-30.6681816363723
0.34,28.1112,-0.00954087552391308,24.5532318223976,-0.110751520596709,-30.7919135594218
0.341,28.19388,-0.00943748592216309,24.571230446176,-0.111696727225058,-30.9158834011554
0.342,28.27656,-0.00933437568781853,24.5892546730111,-0.112648408218266,-31.0400908724529
0.343,28.35924,-0.00923156245754825,24.6073043943279,-0.113606597033756,-31.1645356682122
0.344,28.44192,-0.00912906398214675,24.6253794996248,-0.114571327130408,-31.2892174672374
0.345,28.5246,-0.00902689812598956,24.6434798764655,-0.115542631966066,-31.4141359321304
0.346,28.60728,-0.00892508286623406,24.6616054104735,-0.11652054499492,-31.5392907091849
0.347,28.68996,-0.00882363629233418,24.6797559853247,-0.11750509966495,-31.6646814282827
0.348,28.77264,-0.00872257660523612,24.6979314827421,-0.118496329415521,-31.7903077027952
0.349,28.85532,-0.0086219221170406,24.7161317824901,-0.119494267674695,-31.9161691294845
0.35,28.938,-0.00852169125032959,24.7343567623691,-0.120498947856881,-32.0422652884112
0.351,29.02068,-0.00842190253758907,24.7526062982112,-0.12151040336042,-32.1685957428443
0.352,29.10336,-0.00832257462088026,24.7708802638753,-0.122528667564996,-32.2951600391738
0.353,29.18604,-0.00822372625101703,24.7891785312433,-0.123553773829456,-32.4219577068268
0.354,29.26872,-0.00812537628744958,24.8075009702167,-0.124585755489536,-32.548988258191
0.355,29.3514,-0.0080275436977687,24.8258474487132,-0.125624645855286,-32.6762511885366
0.356,29.43408,-0.00793024755731786,24.8442178326643,-0.126670478208909,-32.8037459759457
0.357,29.51676,-0.00783350704896885,24.8626119860129,-0.127723285802846,-32.9314720812463
0.358,29.59944,-0.00773734146273741,24.8810297707118,-0.128783101857406,-33.0594289479481
0.359,29.68212,-0.00764177019587475,24.8994710467219,-0.129849959558611,-33.1876160021848
0.36,29.7648,-0.00754681275231633,24.9179356720119,-0.130923892056403,-33.3160326526598
0.361,29.84748,-0.00745248874311733,24.9364235025578,-0.132004932462668,-33.4446782905978
0.362,29.93016,-0.00735881788602527,24.9549343923428,-0.133093113849328,-33.5735522897008
0.363,30.01284,-0.0072658200059364,24.9734681933585,-0.134188469246559,-33.7026540061086
0.364,30.09552,-0.007173515035031,24.9920247556057,-0.135291031641164,-33.8319827783652
0.365,30.1782,-0.0070819230128924,25.0106039270962,-0.136400833974942,-33.9615379273912
0.366,30.26088,-0.00699106408698214,25.0292055538555,-0.137517909143322,-34.0913187564595
0.367,30.34356,-0.00690095851324135,25.047829479925,-0.138642289993726,-34.2213245511798
0.368,30.42624,-0.00681162665663831,25.0664755473657,-0.139774009324657,-34.3515545794868
0.369,30.50892,-0.00672308899180385,25.0851435962621,-0.140913099884256,-34.4820080916351
0.37,30.5916,-0.00663536610425158,25.1038334647269,-0.142059594369412,-34.6126843202004
0.371,30.67428,-0.0065484786907829,25.1225449889058,-0.143213525424944,-34.7435824800877
0.372,30.75696,-0.0064624475613525,25.1412780029835,-0.144374925642687,-34.8747017685447
0.373,30.83964,-0.0063772936398418,25.1600323391902,-0.145543827561011,-35.0060413651841
0.374,30.92232,-0.00629303796595743,25.1788078278081,-0.146720263664424,-35.1376004320115
0.375,31.005,-0.0062097016965017,25.1976042971792,-0.147904266383353,-35.26937811346
0.376,31.08768,-0.00612730610761364,25.2164215737136,-0.149095868093854,-35.401373536435
0.377,31.17036,-0.00604587259661249,25.2352594818987,-0.150295101117811,-35.533585810362
0.378,31.25304,-0.00596542268422084,25.2541178443079,-0.151501997723365,-35.6660140272474
0.379,31.33572,-0.00588597801734764,25.2729964816119,-0.15271659012516,-35.7986572617446
0.38,31.4184,-0.00580756037156616,25.2918952125888,-0.153938910485128,-35.9315145712283
0.381,31.50108,-0.00573019165415006,25.3108138541363,-0.155168990913502,-36.0645849958777
0.382,31.58376,-0.00565389390718646,25.3297522212837,-0.156406863470038,-36.1978675587695
0.383,31.66644,-0.00557868931140643,25.3487101272049,-0.157652560165001,-36.331361265978
0.384,31.74912,-0.00550460018980475,25.3676873832327,-0.158906112961318,-36.4650651066862
0.385,31.8318,-0.00543164901166554,25.3866837988728,-0.160167553776092,-36.5989780533055
0.386,31.91448,-0.00535985839712921,25.4056991818193,-0.161436914482915,-36.7330990616051
0.387,31.99716,-0.00528925112195347,25.424733337971,-0.162714226914361,-36.8674270708504
0.388,32.07984,-0.00521985012253037,25.4437860714478,-0.163999522864594,-37.0019610039548
0.389,32.16252,-0.00515167850157083,25.4628571846085,-0.165292834092428,-37.1366997676378
0.39,32.2452,-0.00508475953362872,25.4819464780696,-0.166594192324808,-37.2716422525969
0.391,32.32788,-0.0050191166715704,25.5010537507239,-0.167903629260316,-37.4067873336888
0.392,32.41056,-0.00495477355341672,25.5201787997611,-0.169221176573066,-37.5421338701212
0.393,32.49324,-0.00489175400895661,25.5393214206886,-0.17054686591728,-37.6776807056593
0.394,32.57592,-0.00483008206810473,25.5584814073527,-0.171880728931656,-37.8134266688395
0.395,32.6586,-0.00476978196806588,25.5776585519622,-0.173222797244336,-37.9493705731978
0.396,32.74128,-0.00471087816241941,25.596852645111,-0.174573102478485,-38.0855112175092
0.397,32.82396,-0.0046533953299058,25.6160634758027,-0.175931676257817,-38.2218473860406
0.398,32.90664,-0.00459735838407063,25.6352908314761,-0.1772985502125,-38.3583778488138
0.399,32.98932,-0.00454279248319259,25.6545344980309,-0.178673755985894,-38.4951013618843
0.4,33.072,-0.00448972304109788,25.6737942598548,-0.180057325240978,-38.6320166676303
0.401,33.15468,-0.00443817573821195,25.6930698998518,-0.181449289667537,-38.7691224950561
0.402,33.23736,-0.00438817653349183,25.7123611994703,-0.182849680989735,-38.9064175601087
0.403,33.32004,-0.00433975167675457,25.7316679387337,-0.184258530973582,-39.0439005660076
0.404,33.40272,-0.00429292772137829,25.7509898962706,-0.185675871435542,-39.1815702035866
0.405,33.4854,-0.0042477315384257,25.7703268493462,-0.187101734250567,-39.3194251516525
0.406,33.56808,-0.0042041903305475,25.7896785738955,-0.188536151360931,-39.4574640773536
0.407,33.65076,-0.0041623316468227,25.8090448445561,-0.189979154785425,-39.5956856365638
0.408,33.73344,-0.00412218339861983,25.8284254347032,-0.191430776628351,-39.7340884742806
0.409,33.81612,-0.00408377387523973,25.8478201164845,-0.192891049089413,-39.8726712250335
0.41,33.8988,-0.00404713176135249,25.8672286608568,-0.194360004472783,-40.0114325133108
0.411,33.98148,-0.00401228615393118,25.8866508376229,-0.195837675197793,-40.1503709539951
0.412,34.06416,-0.00397926658064318,25.9060864154702,-0.197324093808273,-40.2894851528138
0.413,34.14684,-0.00394810301826456,25.9255351620093,-0.198819292982891,-40.428773706801
0.414,34.22952,-0.00391882591225892,25.9449968438139,-0.200323305545005,-40.5682352047724
0.415,34.3122,-0.00389146619668915,25.9644712264622,-0.201836164472659,-40.7078682278119
0.416,34.3948800000001,-0.00386605531438997,25.9839580745778,-0.203357902908315,-40.847671349768
0.417,34.4775600000001,-0.00384262523790982,26.0034571518729,-0.204888554168595,-40.9876431377618
0.418,34.5602400000001,-0.0038212084908579,26.0229682211909,-0.20642815175347,-41.1277821527037
0.419,34.6429200000001,-0.00380183816988375,26.042491044551,-0.207976729354743,-41.2680869498178
0.42,34.7256000000001,-0.00378454796639208,26.0620253831927,-0.209534320864595,-41.408556079175
0.421,34.8082800000001,-0.00376937218885695,26.0815709976215,-0.211100960383149,-41.5491880862322
0.422,34.8909600000001,-0.00375634578530368,26.1011276476545,-0.212676682224737,-41.6899815123734
0.423,34.9736400000001,-0.00374550436565418,26.1206950924675,-0.214261520923912,-41.8309348954552
0.424,35.0563200000001,-0.00373688422404,26.1402730906421,-0.215855511239639,-41.9720467703543
0.425,35.1390000000001,-0.00373052236036697,26.1598614002126,-0.217458688158712,-42.1133156695092
0.426,35.2216800000001,-0.00372645650211506,26.1794597787144,-0.219071086896884,-42.254740123462
0.427,35.3043600000001,-0.00372472512487207,26.1990679832319,-0.220692742898538,-42.3963186613915
0.428,35.3870400000001,-0.00372536747227339,26.2186857704461,-0.222323691834336,-42.5380498116359
0.429,35.4697200000001,-0.00372842357469944,26.2383128966833,-0.223963969596057,-42.679932102203
0.43,35.5524000000001,-0.00373393426595486,26.2579491179623,-0.225613612289323,-42.8219640612608
0.431,35.6350800000001,-0.00374194119909155,26.2775941900419,-0.227272656222784,-42.9641442176098
0.432,35.7177600000001,-0.00375248685887747,26.2972478684682,-0.228941137894248,-43.1064711011235
0.433,35.8004400000001,-0.0037656145727134,26.3169099086199,-0.230619093973011,-43.2489432431635
0.434,35.8831200000001,-0.00378136851765418,26.336580065754,-0.232306561277886,-43.3915591769517
0.435,35.9658000000001,-0.00379979372388661,26.3562580950492,-0.234003576751174,-43.5343174379014
0.436,36.0484800000001,-0.00382093607440112,26.3759437516489,-0.235710177426907,-43.6772165638979
0.437,36.1311600000001,-0.00384484229942125,26.3956367907007,-0.237426400394127,-43.8202550955188
0.438,36.2138400000001,-0.00387155996550079,26.4153369673956,-0.239152282753907,-43.9634315761925
0.439,36.2965200000001,-0.00390113745815229,26.4350440370036,-0.24088786157059,-44.1067445522783
0.44,36.3792000000001,-0.00393362395795693,26.4547577549066,-0.242633173814608,-44.2501925730672
0.441,36.4618800000001,-0.00396906940741637,26.474477876629,-0.244388256299627,-44.3937741906849
0.442,36.5445600000001,-0.00400752447018424,26.4942041578629,-0.246153145610185,-44.5374879598954
0.443,36.6272400000001,-0.00404904048037036,26.5139363544909,-0.247927878020929,-44.6813324377915
0.444,36.7099200000001,-0.00409366937982314,26.5336742226039,-0.249712489407353,-44.8253061833578
0.445,36.7926000000001,-0.00414146364417173,26.5534175185128,-0.251507015146648,-44.9694077568978
0.446,36.8752800000002,-0.00419247619571858,26.5731659987563,-0.253311490007987,-45.1136357193168
0.447,36.9579600000002,-0.00424676030115129,26.5929194201025,-0.255125948032855,-45.2579886312422
0.448,37.0406400000002,-0.00430436945472548,26.6126775395421,-0.256950422403893,-45.4024650519751
0.449,37.1233200000002,-0.00436535724386591,26.6324401142775,-0.258784945302661,-45.54706353826
0.45,37.2060000000002,-0.00442977719714829,26.6522069017026,-0.260629547755881,-45.6917826428615
0.451,37.2886800000002,-0.0044976826125081,26.6719776593751,-0.26248425947051,-45.8366209129389
0.452,37.3713600000002,-0.00456912636633197,26.6917521449809,-0.264349108655959,-45.9815768882128
0.453,37.4540400000002,-0.00464416070000107,26.7115301162901,-0.266224121835832,-46.1266490989095
0.454,37.5367200000002,-0.00472283698500345,26.7313113311036,-0.268109323648051,-46.2718360634882
0.455,37.6194000000002,-0.00480520546550867,26.7510955471908,-0.270004736634392,-46.4171362861383
0.456,37.7020800000002,-0.00489131497639136,26.7708825222197,-0.271910381019885,-46.5625482540542
0.457,37.7847600000002,-0.00498121263876972,26.7906720136755,-0.273826274482874,-46.7080704344848
0.458,37.8674400000002,-0.00507494353141336,26.8104637787734,-0.275752431917669,-46.8537012715714
0.459,37.9501200000002,-0.00517255033911593,26.8302575743606,-0.277688865190219,-46.9994391829807
0.46,38.0328000000002,-0.00527407297853244,26.8500531568131,-0.279635582889164,-47.1452825563459
0.461,38.1154800000002,-0.00537954820330247,26.869850281923,-0.28159259007349,-47.2912297455454
0.462,38.1981600000002,-0.00548900918829801,26.8896487047826,-0.283559888020781,-47.4372790668358
0.463,38.2808400000002,-0.00560248509706204,26.909448179662,-0.285537473976624,-47.5834287948726
0.464,38.3635200000002,-0.00572000063549435,26.9292484598848,-0.287525340907572,-47.7296771586629
0.465,38.4462000000002,-0.00584157559133425,26.9490492977014,-0.289523477264137,-47.8760223374799
0.466,38.5288800000002,-0.00596722436827801,26.9688504441643,-0.291531866751918,-48.022462456795
0.467,38.6115600000002,-0.00609695551303985,26.9886516490046,-0.293550488119742,-48.1689955842769
0.468,38.6942400000002,-0.00623077124605886,27.0084526605147,-0.295579314961985,-48.315619725911
0.469,38.7769200000002,-0.00636866699458311,27.0282532254373,-0.297618315544467,-48.4623328223035
0.47,38.8596000000002,-0.00651063093910503,27.0480530888664,-0.299667452653153,-48.6091327452287
0.471,38.9422800000002,-0.00665664357337242,27.0678519941583,-0.301726683471184,-48.756017294476
0.472,39.0249600000002,-0.00680667728749163,27.0876496828604,-0.303795959485633,-48.9029841950713
0.473,39.1076400000002,-0.00696069597612911,27.1074458946559,-0.30587522642891,-49.050031094918
0.474,39.1903200000002,-0.00711865468003209,27.1272403673297,-0.307964424255138,-49.1971555629243
0.475,39.2730000000002,-0.00728049926392005,27.1470328367565,-0.310063487155003,-49.3443550876648
0.476,39.3556800000003,-0.00744616613495072,27.1668230369126,-0.312172343610086,-49.4916270766167
0.477,39.4383600000003,-0.00761558200687904,27.1866106999143,-0.314290916488342,-49.6389688560145
0.478,39.5210400000003,-0.00778866371264939,27.2063955560829,-0.316419123180404,-49.7863776713448
0.479,39.6037200000003,-0.00796531806540843,27.2261773340381,-0.318556875778789,-49.9338506885004
0.48,39.6864000000003,-0.00814544177394436,27.2459557608184,-0.32070408129687,-50.0813849956001
0.481,39.7690800000003,-0.00832892140897237,27.265730562031,-0.322860641928552,-50.2289776054711
0.482,39.8517600000003,-0.00851563342151285,27.2855014620292,-0.325026455347313,-50.376625458772
0.483,39.9344400000003,-0.00870544421223263,27.3052681841144,-0.327201415042523,-50.5243254277392
0.484,40.0171200000003,-0.00889821024965862,27.3250304507662,-0.329385410690386,-50.6720743205121
0.485,40.0998000000003,-0.00909377823410243,27.3447879838927,-0.331578328558753,-50.8198688859969
0.486,40.1824800000003,-0.00929198530423908,27.3645405051046,-0.333780051942356,-50.9677058192167
0.487,40.2651600000003,-0.00949265928252643,27.3842877360062,-0.335990461626488,-51.1155817670846
0.488,40.3478400000003,-0.00969561895621945,27.4040293985035,-0.338209436376758,-51.2634933345483
0.489,40.4305200000003,-0.00990067438799999,27.4237652151261,-0.340436853454239,-51.4114370910315
0.49,40.5132000000003,-0.0101076272545181,27.4434949093587,-0.342672589150781,-51.5594095771129
0.491,40.5958800000003,-0.0103162712077427,27.463218205982,-0.344916519347287,-51.7074073113827
0.492,40.6785600000003,-0.0105263922556274,27.4829348314181,-0.347168520091016,-51.8554267974112
0.493,40.7612400000003,-0.0107377691602722,27.5026445140784,-0.349428468191734,-52.0034645307771
0.494,40.8439200000003,-0.0109501738518707,27.5223469847123,-0.351696241835946,-52.151517006106
0.495,40.9266000000003,-0.0111633718543859,27.5420419767533,-0.353971721221654,-52.2995807240723
0.496,41.0092800000003,-0.0113771227251904,27.5617292266602,-0.356254789210793,-52.4476521983277
0.497,41.0919600000003,-0.0115911805081093,27.5814084742526,-0.358545332000261,-52.5957279623262
0.498,41.1746400000003,-0.0118052941993455,27.6010794630365,-0.360843239815579,-52.7438045760195
0.499,41.2573200000003,-0.0120192082280929,27.6207419405199,-0.363148407623404,-52.8918786323971
0.5,41.34,-0.0122326629547384,27.6403956585152,-0.365460735867057,-53.0399467638694
0.501,41.25732,-0.0123067239063779,27.6383290389728,-0.366731261310773,-53.120838045148
0.502,41.17464,-0.0123028889311853,27.6259512946526,-0.367417244225586,-53.1472755350164
0.503,41.09196,-0.0122679988758461,27.6119938178483,-0.367666586361507,-53.1365719596511
0.504,41.00928,-0.0122005311058976,27.5967486046604,-0.367569126352754,-53.0989380989122
0.505,40.9266,-0.012099328809926,27.5805617494175,-0.367159434083681,-53.0402455243009
0.506,40.84392,-0.0119615161655309,27.5635074738146,-0.366487060349115,-52.9647280518204
0.507,40.76124,-0.0117930759078382,27.5458906516275,-0.365582920676714,-52.875577371219
0.508,40.67856,-0.0116009849793374,27.5278303772486,-0.364480293245924,-52.7753297160084
0.509,40.59588,-0.0113905810625152,27.5094306175495,-0.363202774141775,-52.6659685620229
0.51,40.5132,-0.0111673029913493,27.4907542689444,-0.361775058303338,-52.5491112426448
0.511,40.43052,-0.0109344206022161,27.4718538393132,-0.360216158971607,-52.4260622021045
0.512,40.34784,-0.0106955561770082,27.4527708911428,-0.358545176714361,-52.2979042271309
0.513,40.26516,-0.0104527251716365,27.4335366372553,-0.356777260189583,-52.1655220637127
0.514,40.1824799999999,-0.0102081754301115,27.4141783444894,-0.35492711851091,-52.0296541639821
0.515,40.0997999999999,-0.00996310499422887,27.3947162510085,-0.35300665441265,-51.8909074139097
0.516,40.0171199999999,-0.00971884441982024,27.3751686649434,-0.351027103691316,-51.7497890191229
0.517,39.9344399999999,-0.00947608699425084,27.3555492993279,-0.348997700845855,-51.6067170425321
0.518,39.8517599999999,-0.00923559507471539,27.3358705697274,-0.346926957848897,-51.4620406798828
0.519,39.7690799999999,-0.00899776101799843,27.3161419312287,-0.344821958043134,-51.3160482463367
0.52,39.6863999999999,-0.00876301101009891,27.2963718556349,-0.342689104989506,-51.1689802794698
0.521,39.6037199999999,-0.00853156494600082,27.276566914485,-0.340533779151069,-51.021035631505
0.522,39.5210399999999,-0.008303658956445,27.256732918733,-0.338360770653154,-50.8723800131927
0.523,39.4383599999999,-0.00807941897411502,27.2368744583373,-0.336174133073804,-50.7231505805815
0.524,39.3556799999999,-0.00785897904390792,27.2169955438961,-0.33397743327909,-50.5734615464976
0.525,39.2729999999999,-0.00764241708694666,27.1970993985316,-0.331773704764526,-50.4234075713345
0.526,39.1903199999999,-0.00742981547385402,27.1771888141465,-0.329565593861996,-50.2730674742977
0.527,39.1076399999999,-0.00722122940856965,27.1572660718358,-0.3273553586188,-50.1225066951389
0.528,39.0249599999999,-0.00701671664510509,27.1373331388217,-0.325144956787487,-49.9717797651805
0.529,38.9422799999999,-0.00681632227682846,27.117391648679,-0.3229360622787,-49.8209320662168
0.53,38.8595999999999,-0.00662009256272111,27.0974430108469,-0.320730120182395,-49.670001485692
0.531,38.7769199999999,-0.00642806764683443,27.0774884152486,-0.318528367456124,-49.5190196567714
0.532,38.6942399999999,-0.00624028753069603,27.0575288942063,-0.316331868785314,-49.3680130724801
0.533,38.6115599999999,-0.00605678850683111,27.0375653346287,-0.314141535867867,-49.2170039506808
0.534,38.5288799999999,-0.00587760544177265,27.0175985139261,-0.311958151673362,-49.066010986759
0.535,38.4461999999999,-0.00570276993131794,26.9976291126156,-0.309782386452762,-48.915049952015
0.536,38.3635199999999,-0.00553231097417256,26.9776577358134,-0.307614814629182,-48.7641342034455
0.537,38.2808399999999,-0.00536625395557733,26.95768492377,-0.305455927340486,-48.6132750952473
0.538,38.1981599999999,-0.00520462070791269,26.9377111651482,-0.303306144435145,-48.4624823247019
0.539,38.1154799999999,-0.00504742893713828,26.9177369050379,-0.301165823994739,-48.3117642140641
0.54,38.0327999999999,-0.00489469212253832,26.8977625533965,-0.299035270964413,-48.1611279456202
0.541,37.9501199999999,-0.00474641921858471,26.8777884908508,-0.296914744261111,-48.0105797544205
0.542,37.8674399999999,-0.00460261458139383,26.8578150741865,-0.294804463037914,-47.8601250883368
0.543,37.7847599999998,-0.00446327786385045,26.8378426404343,-0.292704611950923,-47.7097687398528
0.544,37.7020799999998,-0.00432840403135731,26.8178715105016,-0.290615345738826,-47.5595149553657
0.545,37.6193999999998,-0.00419798340038133,26.797901992007,-0.288536793119731,-47.409367525498
0.546,37.5367199999998,-0.00407200174918457,26.7779343817135,-0.286469060164158,-47.2593298600535
0.547,37.4540399999998,-0.00395044046058379,26.7579689674803,-0.28441223318886,-47.10940505017
0.548,37.3713599999998,-0.0038332767100791,26.7380060299064,-0.282366381262084,-46.9595959200223
0.549,37.2886799999998,-0.00372048368088401,26.7180458436713,-0.28033155836717,-46.8099050698664
0.55,37.2059999999998,-0.00361203080457323,26.6980886786523,-0.27830780528178,-46.660334911971
0.551,37.1233199999998,-0.00350788401839378,26.6781348008438,-0.276295151211936,-46.5108877006696
0.552,37.0406399999998,-0.00340800603616503,26.6581844731198,-0.274293615215978,-46.3615655575576
0.553,36.9579599999998,-0.00331235662381191,26.6382379558634,-0.272303207452321,-46.2123704926691
0.554,36.8752799999998,-0.00322089287913727,26.6182955074877,-0.270323930271547,-46.063304422322
0.555,36.7925999999998,-0.00313356950862237,26.5983573848653,-0.268355779178345,-45.9143691841885
0.556,36.7099199999998,-0.00305033909908683,26.5784238436821,-0.266398743679753,-45.7655665500537
0.557,36.6272399999998,-0.00297115238209983,26.558495138728,-0.26445280803391,-45.6168982366427
0.558,36.5445599999998,-0.00289595848799662,26.5385715241346,-0.26251795191391,-45.4683659148208
0.559,36.4618799999998,-0.00282470518751063,26.5186532535683,-0.26059415099702,-45.3199712174258
0.56,36.3791999999998,-0.00275733912052303,26.4987405803856,-0.258681377487723,-45.1717157459416
0.561,36.2965199999998,-0.00269380601127578,26.4788337577573,-0.256779600583526,-45.0236010761889
0.562,36.2138399999998,-0.00263405086800991,26.458933038765,-0.254888786889447,-44.8756287631728
0.563,36.1311599999998,-0.00257801816768782,26.4390386764758,-0.253008900787724,-44.7278003452112
0.564,36.0484799999998,-0.00252565202623944,26.4191509239961,-0.251139904766078,-44.5801173474401
0.565,35.9657999999998,-0.00247689635335552,26.3992700345104,-0.249281759711554,-44.4325812847855
0.566,35.8831199999998,-0.00243169499397722,26.3793962613043,-0.24743442517013,-44.2851936644689
0.567,35.8004399999998,-0.00238999185375702,26.3595298577767,-0.245597859579139,-44.1379559881047
0.568,35.7177599999998,-0.00235173101295988,26.3396710774402,-0.24377202047253,-43.9908697534463
0.569,35.6350799999998,-0.00231685682691851,26.3198201739138,-0.241956864662675,-43.8439364558198
0.57,35.5523999999998,-0.0022853140145267,26.299977400907,-0.24015234840087,-43.6971575892865
0.571,35.4697199999998,-0.00225704773505633,26.2801430121975,-0.23835842751956,-43.5505346475657
0.572,35.3870399999998,-0.00223200365551188,26.2603172616034,-0.236575057555745,-43.4040691247471
0.573,35.3043599999997,-0.00221012800746959,26.2405004029504,-0.234802193859438,-43.2577625158165
0.574,35.2216799999997,-0.00219136763462352,26.2206926900354,-0.23303979168887,-43.1116163170198
0.575,35.1389999999997,-0.00217567003381136,26.2008943765854,-0.231287806290723,-42.9656320260826
0.576,35.0563199999997,-0.00216298338663398,26.1811057162152,-0.229546192971098,-42.8198111423029
0.577,34.9736399999997,-0.00215325658548796,26.161326962381,-0.227814907154735,-42.6741551665354
0.578,34.8909599999997,-0.00214643925309288,26.1415583683334,-0.22609390443561,-42.5286656010765
0.579,34.8082799999997,-0.00214248175688753,26.1218001870676,-0.224383140618322,-42.3833439494664
0.58,34.7255999999997,-0.00214133521823351,26.1020526712732,-0.222682571752796,-42.2381917162181
0.581,34.6429199999997,-0.0021429515171176,26.0823160732827,-0.220992154162189,-42.0932104064822
0.582,34.5602399999997,-0.00214728329390218,26.0625906450189,-0.219311844464122,-41.9484015256591
0.583,34.4775599999997,-0.00215428394654163,26.0428766379428,-0.217641599587638,-41.8037665789645
0.584,34.3948799999997,-0.00216390762569107,26.0231743030001,-0.215981376784688,-41.6593070709556
0.585,34.3121999999997,-0.00217610922713996,26.003483890568,-0.214331133637686,-41.5150245050244
0.586,34.2295199999997,-0.00219084438192632,25.9838056504027,-0.21269082806359,-41.370920382868
0.587,34.1468399999997,-0.00220806944472207,25.9641398315863,-0.211060418314627,-41.2269962039327
0.588,34.0641599999997,-0.00222774148066276,25.9444866824742,-0.209439862976126,-41.0832534648462
0.589,33.9814799999997,-0.00224981825093914,25.924846450643,-0.207829120962794,-40.9396936588353
0.59,33.8987999999997,-0.00227425819722937,25.9052193828396,-0.206228151511723,-40.7963182751342
0.591,33.8161199999997,-0.00230102042537267,25.8856057249294,-0.204636914174556,-40.6531287983918
0.592,33.7334399999997,-0.00233006468863831,25.866005721847,-0.203055368808092,-40.5101267080705
0.593,33.6507599999997,-0.00236135137040924,25.8464196175465,-0.20148347556294,-40.3673134778523
0.594,33.5680799999997,-0.00239484146589217,25.8268476549525,-0.199921194872698,-40.224690575041
0.595,33.4853999999997,-0.00243049656508909,25.8072900759131,-0.198368487440737,-40.0822594599768
0.596,33.4027199999997,-0.00246827883429396,25.7877471211529,-0.196825314227482,-39.9400215854501
0.597,33.3200399999997,-0.0025081509987277,25.7682190302271,-0.195291636436805,-39.7979783961297
0.598,33.2373599999997,-0.00255007632450044,25.7487060414766,-0.193767415502019,-39.6561313279947
0.599,33.1546799999997,-0.00259401860076441,25.7292083919846,-0.192252613072532,-39.5144818077841
0.6,33.0719999999997,-0.00263994212330787,25.7097263175332,-0.190747190999043,-39.3730312524515
0.601,32.9893199999996,-0.002687811676886,25.6902600525624,-0.189251111320025,-39.231781068638
0.602,32.9066399999996,-0.00273759251922992,25.6708098301287,-0.187764336247679,-39.0907326521543
0.603,32.8239599999996,-0.00278925036455413,25.6513758818662,-0.186286828154381,-38.9498873874794
0.604,32.7412799999996,-0.00284275136798054,25.6319584379476,-0.184818549559263,-38.8092466472745
0.605,32.6585999999996,-0.00289806211051655,25.612557727047,-0.18335946311491,-38.6688117919079
0.606,32.5759199999996,-0.00295514958424525,25.5931739763036,-0.181909531594755,-38.5285841689997
0.607,32.4932399999996,-0.00301398117808835,25.5738074112861,-0.180468717880643,-38.3885651129792
0.608,32.4105599999996,-0.00307452466418354,25.5544582559591,-0.179036984951006,-38.2487559446592
0.609,32.3278799999996,-0.00313674818455406,25.5351267326498,-0.177614295869479,-38.1091579708257
0.61,32.2451999999996,-0.00320062023890516,25.5158130620156,-0.17620061377356,-37.9697724838433
0.611,32.1625199999996,-0.00326610967221097,25.4965174630138,-0.174795901864248,-37.8306007612767
0.612,32.0798399999996,-0.00333318566305035,25.4772401528715,-0.173400123396142,-37.6916440655271
0.613,31.9971599999996,-0.00340181771280726,25.4579813470568,-0.172013241667589,-37.5529036434855
0.614,31.9144799999996,-0.00347197563516266,25.4387412592511,-0.170635220011848,-37.4143807262014
0.615,31.8317999999996,-0.00354362954596565,25.4195201013221,-0.169266021788503,-37.2760765285657
0.616,31.7491199999996,-0.00361674985345728,25.4003180832988,-0.167905610375678,-37.1379922490102
0.617,31.6664399999996,-0.0036913072497109,25.3811354133463,-0.166553949162262,-37.0001290692219
0.618,31.5837599999996,-0.00376727270170207,25.3619722977424,-0.165211001540871,-36.8624881538706
0.619,31.5010799999996,-0.00384461744349157,25.342828940855,-0.16387673090132,-36.7250706503541
0.62,31.4183999999996,-0.00392331296828047,25.3237055451204,-0.162551100624758,-36.5878776885547
0.621,31.3357199999996,-0.00400333102111322,25.3046023110224,-0.16123407407795,-36.4509103806099
0.622,31.2530399999996,-0.00408464359259747,25.2855194370733,-0.15992561460807,-36.3141698207024
0.623,31.1703599999996,-0.00416722291198218,25.2664571197944,-0.158625685538127,-36.177657084855
0.624,31.0876799999996,-0.00425104144134375,25.2474155536985,-0.157334250162619,-36.041373230745
0.625,31.0049999999996,-0.00433607187004265,25.2283949312732,-0.156051271743662,-35.9053192975289
0.626,30.9223199999996,-0.00442228710898634,25.2093954429645,-0.154776713507739,-35.7694963056811
0.627,30.8396399999996,-0.00450966028633959,25.1904172771621,-0.153510538642468,-35.633905256845
0.628,30.7569599999996,-0.0045981647424318,25.1714606201852,-0.152252710293987,-35.4985471336948
0.629,30.6742799999996,-0.00468777402577952,25.1525256562688,-0.151003191564576,-35.3634228998107
0.63,30.5915999999996,-0.00477846188862552,25.1336125675516,-0.149761945510825,-35.2285334995631
0.631,30.5089199999996,-0.00487020228389584,25.1147215340643,-0.148528935141772,-35.0938798580123
0.632,30.4262399999996,-0.00496296936109808,25.0958527337187,-0.147304123417967,-34.9594628808156
0.633,30.3435599999996,-0.00505673746347746,25.0770063422979,-0.146087473250033,-34.8252834541452
0.634,30.2608799999996,-0.00515148112509412,25.0581825334469,-0.144878947498206,-34.6913424446188
0.635,30.1781999999996,-0.00524717506799222,25.0393814786643,-0.143678508971803,-34.5576406992382
0.636,30.0955199999996,-0.00534379419969105,25.020603347295,-0.142486120428943,-34.4241790453374
0.637,30.0128399999996,-0.00544131361104938,25.0018483065227,-0.141301744576784,-34.2909582905429
0.638,29.9301599999996,-0.00553970857410174,24.9831165213644,-0.140125344071579,-34.1579792227399
0.639,29.8474799999996,-0.00563895453998253,24.9644081546648,-0.138956881519511,-34.0252426100505
0.64,29.7647999999996,-0.00573902713741298,24.9457233670915,-0.137796319477161,-33.8927492008175
0.641,29.6821199999996,-0.00583990217105218,24.9270623171312,-0.136643620452474,-33.760499723599
0.642,29.5994399999996,-0.00594155562014287,24.9084251610866,-0.135498746905873,-33.6284948871718
0.643,29.5167599999996,-0.00604396363699317,24.8898120530737,-0.134361661251747,-33.49673538054
0.644,29.4340799999996,-0.00614710254617595,24.8712231450197,-0.133232325859613,-33.3652218729531
0.645,29.3513999999996,-0.00625094884324823,24.852658586662,-0.132110703055872,-33.2339550139316
0.646,29.2687199999996,-0.00635547919385743,24.8341185255475,-0.130996755125569,-33.1029354332988
0.647,29.1860399999996,-0.00646067043314269,24.8156031070327,-0.129890444314172,-32.9721637412217
0.648,29.1033599999996,-0.00656649956488103,24.7971124742844,-0.128791732829853,-32.8416405282564
0.649,29.0206799999996,-0.00667294376071575,24.7786467682803,-0.127700582845416,-32.7113663654008
0.65,28.9379999999996,-0.0067799803601542,24.760206127812,-0.126616956500497,-32.5813418041551
0.651,28.8553199999996,-0.00688758686965918,24.7417906894862,-0.125540815904035,-32.4515673765854
0.652,28.7726399999996,-0.00699574096246836,24.7234005877285,-0.124472123136671,-32.3220435953962
0.653000000000001,28.6899599999996,-0.00710442047815441,24.7050359547863,-0.123410840253442,-32.1927709540081
0.654,28.6072799999996,-0.0072136034226728,24.6866969207335,-0.122356929286059,-32.0637499266385
0.655,28.5245999999996,-0.00732326796787297,24.6683836134744,-0.121310352245892,-31.9349809683909
0.656,28.4419199999996,-0.00743339245163133,24.6500961587493,-0.120271071126552,-31.8064645153481
0.657000000000001,28.3592399999996,-0.00754395537769154,24.6318346801398,-0.119239047906695,-31.6782009846693
0.658,28.2765599999996,-0.00765493541536311,24.613599299075,-0.118214244553096,-31.5501907746936
0.659,28.1938799999996,-0.00776631139991701,24.595390134838,-0.117196623023344,-31.4224342650474
0.66,28.1111999999996,-0.00787806233239985,24.5772073045729,-0.116186145268871,-31.2949318167559
0.661000000000001,28.0285199999996,-0.00799016737964642,24.5590509232924,-0.115182773238041,-31.1676837723597
0.662,27.9458399999996,-0.00810260587460332,24.5409211038854,-0.11418646887894,-31.0406904560344
0.663,27.8631599999996,-0.00821535731607514,24.5228179571257,-0.113197194142774,-30.9139521737151
0.664,27.7804799999996,-0.00832840136919771,24.5047415916805,-0.112214910986617,-30.7874692132243
0.665000000000001,27.6977999999996,-0.00844171786536974,24.4866921141196,-0.111239581376774,-30.661241844403
0.666,27.6151199999996,-0.00855528680238632,24.4686696289249,-0.110271167291785,-30.5352703192455
0.667,27.5324399999996,-0.00866908834473018,24.4506742385005,-0.109309630725543,-30.4095548720384
0.668,27.4497599999996,-0.00878310282358857,24.432706043183,-0.108354933690501,-30.2840957195011
0.669000000000001,27.3670799999996,-0.00889731073718669,24.4147651412518,-0.10740703822082,-30.1588930609307
0.67,27.2843999999996,-0.00901169275082547,24.3968516289403,-0.10646590637548,-30.0339470783489
0.671,27.2017199999996,-0.00912622969702426,24.3789656004474,-0.105531500241415,-29.9092579366521
0.672,27.1190399999996,-0.0092409025757329,24.3611071479491,-0.104603781936754,-29.7848257837631
0.673000000000001,27.0363599999996,-0.00935569255449492,24.3432763616101,-0.103682713613826,-29.6606507507875
0.674,26.9536799999996,-0.00947058096860293,24.3254733295966,-0.1027682574624,-29.5367329521694
0.675,26.8709999999996,-0.00958554932117361,24.3076981380886,-0.10186037571276,-29.4130724858523
0.676,26.7883199999996,-0.00970057928338891,24.2899508712927,-0.10095903063888,-29.2896694334399
0.677000000000001,26.7056399999996,-0.00981565269441409,24.2722316114553,-0.100064184561401,-29.1665238603594
0.678000000000001,26.6229599999996,-0.0099307515616518,24.254540438876,-0.0991757998506676,-29.0436358160261
0.679,26.5402799999996,-0.0100458580608299,24.2368774319211,-0.0982938389298854,-28.9210053340128
0.68,26.4575999999996,-0.010160954536012,24.2192426670379,-0.0974182642781442,-28.7986324322155
0.681000000000001,26.3749199999996,-0.0102760234995883,24.2016362187681,-0.0965490384334395,-28.6765171130259
0.682000000000001,26.2922399999996,-0.0103910476323481,24.1840581597627,-0.095686123995538,-28.5546593635012
0.683,26.2095599999996,-0.0105060097835779,24.1665085607963,-0.0948294836289147,-28.4330591555371
0.684,26.1268799999996,-0.0106208929709065,24.1489874907817,-0.0939790800657696,-28.3117164460422
0.685000000000001,26.0441999999996,-0.010735680380263,24.1314950167854,-0.0931348761089259,-28.1906311771128
0.686000000000001,25.9615199999996,-0.0108503553659651,24.1140312040419,-0.0922968346345696,-28.0698032762085
0.687,25.8788399999996,-0.0109649014505359,24.0965961159696,-0.0914649185950874,-27.9492326563291
0.688,25.7961599999996,-0.0110793023245439,24.079189814186,-0.0906390910219496,-27.828919216192
0.689000000000001,25.7134799999996,-0.0111935418465635,24.0618123585234,-0.0898193150283594,-27.708862840411
0.690000000000001,25.6307999999996,-0.011307604042948,24.0444638070444,-0.0890055538119842,-27.5890633996744
0.691,25.5481199999996,-0.0114214731076293,24.0271442160584,-0.0881977706576577,-27.4695207509244
0.692,25.4654399999996,-0.0115351334019389,24.0098536401367,-0.0873959289400287,-27.3502347375374
0.693000000000001,25.3827599999996,-0.0116485694544456,23.9925921321297,-0.0865999921260523,-27.2312051895041
0.694000000000001,25.3000799999996,-0.0117617659604957,23.9753597431821,-0.0858099237776844,-27.1124319236091
0.695,25.2173999999996,-0.0118747077819913,23.9581565227503,-0.0850256875542736,-26.9939147436115
0.696,25.1347199999996,-0.0119873799471989,23.940982518618,-0.0842472472150629,-26.8756534404265
0.697000000000001,25.0520399999996,-0.012099767650273,23.9238377769131,-0.0834745666216675,-26.757647792305
0.698000000000001,24.9693599999996,-0.0122118562508176,23.9067223421247,-0.0827076097404778,-26.6398975650151
0.699,24.8866799999996,-0.0123236312735698,23.8896362571192,-0.0819463406449081,-26.5224025120222
0.7,24.8039999999996,-0.0124350784080965,23.8725795631572,-0.0811907235177401,-26.4051623746696
0.701000000000001,24.7213199999996,-0.0125461835079538,23.8555522999108,-0.0804407226534403,-26.2881768823578
0.702000000000001,24.6386399999996,-0.0126569325905364,23.8385545054801,-0.0796963024602558,-26.1714457527257
0.703000000000001,24.5559599999996,-0.0127673118364325,23.8215862164102,-0.0789574274625442,-26.0549686918292
0.704,24.4732799999996,-0.0128773075888671,23.8046474677082,-0.078224062302726,-25.9387453943201
0.705000000000001,24.3905999999996,-0.0129869063532191,23.7877382928604,-0.0774961717435212,-25.8227755436261
0.706000000000001,24.3079199999996,-0.0130960947962708,23.770858723849,-0.0767737206699022,-25.7070588121268
0.707000000000001,24.2252399999996,-0.0132048597456898,23.7540087911695,-0.0760566740910919,-25.5915948613326
0.708,24.1425599999996,-0.0133131881892435,23.7371885238476,-0.0753449971425437,-25.4763833420612
0.709000000000001,24.0598799999996,-0.0134210672743335,23.7203979494567,-0.0746386550878008,-25.3614238946134
0.710000000000001,23.9771999999996,-0.0135284843071621,23.7036370941342,-0.0739376133204563,-25.2467161489497
0.711000000000001,23.8945199999996,-0.0136354267519322,23.6869059825994,-0.0732418373658946,-25.1322597248636
0.712,23.8118399999996,-0.0137418822302112,23.6702046381702,-0.0725512928830214,-25.018054232156
0.713000000000001,23.7291599999996,-0.0138478385200567,23.6535330827804,-0.0718659456660947,-24.9040992708081
0.714000000000001,23.6464799999996,-0.0139532835553266,23.6368913369965,-0.0711857616463521,-24.7903944311539
0.715000000000001,23.5637999999996,-0.0140582054246904,23.6202794200351,-0.0705107068937264,-24.676939294051
0.716,23.4811199999996,-0.014162592370921,23.6036973497794,-0.0698407476183596,-24.5637334310506
0.717000000000001,23.3984399999996,-0.014266432789898,23.587145142797,-0.0691758501722226,-24.4507764045673
0.718000000000001,23.3157599999996,-0.0143697152297905,23.5706228143561,-0.0685159810505701,-24.338067768046
0.719000000000001,23.2330799999996,-0.0144724283900287,23.5541303784427,-0.0678611068934919,-24.2256070661303
0.72,23.1503999999996,-0.0145745611205772,23.5376678477777,-0.0672111944873012,-24.1133938348279
0.721000000000001,23.0677199999996,-0.0146761024206782,23.5212352338332,-0.0665662107659466,-24.0014276016749
0.722000000000001,22.9850399999996,-0.0147770414381284,23.5048325468499,-0.0659261228123826,-23.8897078858999
0.723000000000001,22.9023599999996,-0.0148773674680674,23.4884597958534,-0.0652908978598157,-23.7782341985866
0.724,22.8196799999996,-0.0149770699520656,23.4721169886708,-0.064660503293101,-23.6670060428347
0.725000000000001,22.7369999999996,-0.0150761384770957,23.4558041319477,-0.0640349066497658,-23.5560229139192
0.726000000000001,22.6543199999996,-0.0151745627743772,23.4395212311645,-0.0634140756214561,-23.4452842994504
0.727000000000001,22.5716399999996,-0.015272332718348,23.4232682906526,-0.0627979780548345,-23.33478967953
0.728000000000001,22.4889599999996,-0.0153694383255518,23.4070453136111,-0.0621865819529517,-23.2245385269081
0.729000000000001,22.4062799999996,-0.015465869753518,23.3908523021233,-0.0615798554761688,-23.1145303071369
0.730000000000001,22.3235999999996,-0.0155616172997192,23.3746892571723,-0.0609777669431942,-23.0047644787257
0.731000000000001,22.2409199999996,-0.0156566714002543,23.3585561786576,-0.06038028483221,-22.8952404932914
0.732000000000001,22.1582399999996,-0.0157510226287776,23.3424530654112,-0.0597873777816815,-22.7859577957092
0.733000000000001,22.0755599999996,-0.0158446616953107,23.3263799152132,-0.059199014591429,-22.6769158242628
0.734000000000001,21.9928799999996,-0.0159375794451899,23.3103367248079,-0.0586151642234244,-22.5681140107914
0.735000000000001,21.9101999999996,-0.0160297668574947,23.2943234899198,-0.0580357958027584,-22.4595517808363
0.736000000000001,21.8275199999996,-0.0161212150442064,23.2783402052688,-0.0574608786183731,-22.3512285537861
0.737000000000001,21.7448399999996,-0.0162119152487989,23.2623868645861,-0.0568903821238771,-22.2431437430194
0.738000000000001,21.6621599999996,-0.0163018588450111,23.2464634606296,-0.0563242759383885,-22.1352967560474
0.739000000000001,21.5794799999996,-0.0163910373355837,23.2305699851995,-0.0557625298471714,-22.0276869946552
0.740000000000001,21.4967999999996,-0.0164794423509725,23.214706429153,-0.0552051138023885,-21.9203138550388
0.741000000000001,21.4141199999996,-0.0165670656482064,23.1988727824201,-0.0546519979237834,-21.8131767279453
0.742000000000001,21.3314399999996,-0.01665389910945,23.1830690340185,-0.0541031524992164,-21.7062749988067
0.743000000000001,21.2487599999996,-0.0167399347407298,23.1672951720682,-0.0535585479854081,-21.5996080478756
0.744000000000001,21.1660799999996,-0.0168251646706324,23.1515511838067,-0.053018155008377,-21.4931752503584
0.745000000000001,21.0833999999996,-0.0169095811490851,23.1358370556036,-0.0524819443640982,-21.3869759765464
0.746000000000001,21.0007199999996,-0.0169931765458671,23.1201527729753,-0.0519498870190587,-21.2810095919465
0.747000000000001,20.9180399999996,-0.0170759433494396,23.1044983205995,-0.051421954110532,-21.1752754574089
0.748000000000001,20.8353599999996,-0.0171578741655382,23.0888736823293,-0.0508981169472929,-21.0697729292553
0.749000000000001,20.7526799999996,-0.0172389617157741,23.0732788412077,-0.0503783470099282,-20.9645013594033
0.750000000000001,20.6699999999996,-0.0173191988363873,23.0577137794818,-0.049862615951262,-20.8594600954913
0.751000000000001,20.5873199999996,-0.0173985784768494,23.0421784786168,-0.0493508955966316,-20.7546484810001
0.752000000000001,20.5046399999996,-0.0174770936984519,23.0266729193095,-0.0488431579444169,-20.6500658553744
0.753000000000001,20.4219599999996,-0.0175547376729727,23.0111970815028,-0.0483393751663825,-20.5457115541431
0.754000000000001,20.3392799999996,-0.0176315036813867,22.9957509443986,-0.0478395196078362,-20.4415849090361
0.755000000000001,20.2565999999996,-0.0177073851123846,22.9803344864719,-0.0473435637879738,-20.3376852481006
0.756000000000001,20.1739199999996,-0.0177823754610484,22.9649476854838,-0.0468514804001498,-20.2340118958174
0.757000000000001,20.0912399999996,-0.0178564683273982,22.949590518495,-0.0463632423121937,-20.1305641732129
0.758000000000001,20.0085599999996,-0.0179296574151182,22.9342629618791,-0.0458788225664202,-20.0273413979717
0.759000000000001,19.9258799999996,-0.0180019365301591,22.9189649913351,-0.0453981943800142,-19.9243428845471
0.760000000000001,19.8431999999996,-0.0180732995792171,22.9036965819009,-0.0449213311451093,-19.8215679442702
0.761000000000001,19.7605199999996,-0.0181437405685232,22.8884577079655,-0.0444482064289925,-19.719015885457
0.762000000000001,19.6778399999996,-0.0182132536023107,22.8732483432823,-0.0439787939742149,-19.6166860135143
0.763000000000001,19.5951599999996,-0.0182818328815039,22.858068460981,-0.0435130676985804,-19.5145776310443
0.764000000000001,19.5124799999996,-0.0183494727023208,22.8429180335802,-0.0430510016954354,-19.4126900379483
0.765000000000001,19.4297999999996,-0.0184161674548484,22.827797033,-0.0425925702336099,-19.3110225315276
0.766000000000001,19.3471199999996,-0.0184819116216529,22.8127054305735,-0.0421377477574844,-19.2095744065834
0.767000000000001,19.2644399999996,-0.0185466997764125,22.7976431970593,-0.0416865088870522,-19.1083449555161
0.768000000000001,19.1817599999996,-0.0186105265825791,22.7826103026532,-0.0412388284178951,-19.0073334684224
0.769000000000001,19.0990799999996,-0.0186733867918431,22.7676067169999,-0.0407946813212328,-18.906539233191
0.770000000000001,19.0163999999996,-0.0187352752428582,22.7526324092049,-0.0403540427437972,-18.8059615355968
0.771000000000001,18.9337199999996,-0.0187961868598335,22.7376873478453,-0.0399168880079464,-18.7055996593943
0.772000000000001,18.8510399999996,-0.0188561166511735,22.7227715009821,-0.0394831926114615,-18.6054528864093
0.773000000000001,18.7683599999996,-0.018915059708034,22.7078848361708,-0.0390529322275584,-18.5055204966279
0.774000000000001,18.6856799999996,-0.0189730112029851,22.6930273204727,-0.0386260827048004,-18.405801768287
0.775000000000001,18.6029999999996,-0.0190299663886048,22.6781989204657,-0.0382026200669464,-18.3062959779602
0.776000000000001,18.5203199999996,-0.0190859205961664,22.6633996022555,-0.0377825205128811,-18.207002400645
0.777000000000001,18.4376399999996,-0.0191408692342315,22.6486293314862,-0.0373657604164664,-18.1079203098469
0.778000000000001,18.3549599999996,-0.0191948077872257,22.6338880733507,-0.0369523163264083,-18.0090489776626
0.779000000000001,18.2722799999996,-0.0192477318141769,22.6191757926013,-0.0365421649660541,-17.9103876748627
0.780000000000001,18.1895999999996,-0.0192996369472787,22.6044924535602,-0.0361352832332758,-17.8119356709715
0.781000000000001,18.1069199999996,-0.0193505188906236,22.5898380201296,-0.0357316482002293,-17.7136922343472
0.782000000000001,18.0242399999996,-0.0194003734187422,22.5752124558018,-0.0353312371131887,-17.6156566322597
0.783000000000001,17.9415599999996,-0.019449196375319,22.5606157236692,-0.0349340273923503,-17.5178281309668
0.784000000000001,17.8588799999996,-0.0194969836718802,22.5460477864341,-0.0345399966315418,-17.4202059957905
0.785000000000001,17.7761999999996,-0.0195437312863864,22.5315086064186,-0.034149122598026,-17.3227894911909
0.786000000000001,17.6935199999996,-0.0195894352619231,22.5169981455741,-0.0337613832323217,-17.2255778808393
0.787000000000001,17.6108399999996,-0.0196340917054169,22.5025163654907,-0.0333767566477892,-17.1285704276896
0.788000000000001,17.5281599999996,-0.0196776967862695,22.4880632274068,-0.032995221130491,-17.0317663940491
0.789000000000001,17.4454799999996,-0.0197202467350996,22.4736386922182,-0.0326167551388519,-16.9351650416482
0.790000000000001,17.3627999999996,-0.0197617378423375,22.4592427204872,-0.0322413373033665,-16.8387656317068
0.791000000000001,17.2801199999996,-0.019802166457012,22.4448752724518,-0.0318689464263207,-16.7425674250034
0.792000000000001,17.1974399999996,-0.0198415289853865,22.4305363080346,-0.0314995614814526,-16.646569681939
0.793000000000001,17.1147599999996,-0.0198798218897203,22.4162257868511,-0.0311331616136318,-16.5507716626025
0.794000000000001,17.0320799999996,-0.0199170416869874,22.4019436682191,-0.03076972613855,-16.4551726268337
0.795000000000001,16.9493999999996,-0.0199531849475222,22.3876899111668,-0.0304092345423116,-16.3597718342854
0.796000000000001,16.8667199999996,-0.0199882482938475,22.3734644744414,-0.030051666481228,-16.2645685444855
0.797000000000001,16.7840399999996,-0.0200222283993447,22.3592673165172,-0.0296970017813044,-16.1695620168947
0.798000000000001,16.7013599999996,-0.0200551219869792,22.3450983956042,-0.0293452204378829,-16.0747515109673
0.799000000000001,16.6186799999996,-0.0200869258281387,22.3309576696557,-0.0289963026153454,-15.9801362862083
0.800000000000001,16.5359999999996,-0.0201176367412584,22.316845096377,-0.0286502286467168,-15.8857156022294
0.801000000000001,16.4533199999996,-0.0201472515907544,22.3027606332325,-0.0283069790331868,-15.7914887188057
0.802000000000001,16.3706399999996,-0.0201757672855591,22.288704237454,-0.0279665344438027,-15.6974548959287
0.803000000000001,16.2879599999996,-0.0202031807781278,22.2746758660483,-0.0276288757149712,-15.6036133938608
0.804000000000001,16.2052799999996,-0.0202294890630787,22.2606754758044,-0.0272939838501167,-15.5099634731875
0.805000000000001,16.1225999999996,-0.0202546891760401,22.2467030233015,-0.026961840019184,-15.416504394868
0.806000000000001,16.0399199999996,-0.0202787781924338,22.2327584649159,-0.0266324255582206,-15.3232354202864
0.807000000000001,15.9572399999996,-0.0203017532262908,22.2188417568286,-0.026305721969009,-15.2301558113007
0.808000000000001,15.8745599999996,-0.020323611429001,22.204952855032,-0.0259817109184988,-15.1372648302903
0.809000000000001,15.7918799999996,-0.0203443499882165,22.1910917153374,-0.0256603742384632,-15.0445617402049
0.810000000000001,15.7091999999996,-0.0203639661266273,22.1772582933817,-0.0253416939249359,-14.9520458046093
0.811000000000001,15.6265199999996,-0.0203824571008049,22.1634525446343,-0.0250256521378297,-14.8597162877298
0.812000000000001,15.5438399999996,-0.0203998202000326,22.1496744244038,-0.0247122312003574,-14.7675724544979
0.813000000000001,15.4611599999996,-0.020416052745209,22.1359238878448,-0.0244014135986099,-14.6756135705943
0.814000000000001,15.3784799999996,-0.0204311520876515,22.122200889964,-0.0240931819811148,-14.5838389024916
0.815000000000001,15.2957999999996,-0.0204451156079193,22.1085053856272,-0.0237875191582278,-14.4922477174954
0.816000000000001,15.2131199999996,-0.0204579407147455,22.0948373295656,-0.0234844081016831,-14.4008392837849
0.817000000000001,15.1304399999996,-0.0204696248438919,22.0811966763815,-0.0231838319440726,-14.3096128704537
0.818000000000001,15.0477599999996,-0.0204801654570399,22.0675833805552,-0.0228857739783833,-14.2185677475483
0.819000000000001,14.9650799999996,-0.0204895600406968,22.0539973964505,-0.0225902176573791,-14.1277031861057
0.820000000000001,14.8823999999996,-0.0204978061050526,22.0404386783211,-0.022297146593129,-14.0370184581916
0.821000000000001,14.7997199999996,-0.0205049011828726,22.0269071803162,-0.0220065445564678,-13.9465128369358
0.822000000000001,14.7170399999996,-0.0205108428284563,22.0134028564866,-0.0217183954764339,-13.8561855965686
0.823000000000001,14.6343599999996,-0.020515628616582,21.9999256607901,-0.0214326834397242,-13.7660360124554
0.824000000000001,14.5516799999996,-0.0205192561413454,21.9864755470974,-0.0211493926901656,-13.6760633611299
0.825000000000001,14.4689999999996,-0.0205217230151181,21.9730524691975,-0.020868507628147,-13.5862669203289
0.826000000000001,14.3863199999996,-0.0205230268675171,21.9596563808034,-0.0205900128100214,-13.4966459690224
0.827000000000001,14.3036399999996,-0.0205231653443333,21.9462872355572,-0.0203138929475309,-13.407199787447
0.828000000000001,14.2209599999996,-0.0205221361064434,21.9329449870354,-0.0200401329072825,-13.3179276571358
0.829000000000001,14.1382799999996,-0.0205199368288508,21.9196295887544,-0.0197687177101139,-13.2288288609486
0.830000000000001,14.0555999999996,-0.020516565199568,21.9063409941754,-0.019499632530554,-13.1399026831018
0.831000000000001,13.9729199999996,-0.0205120189186036,21.8930791567098,-0.0192328626961685,-13.0511484091961
0.832000000000001,13.8902399999996,-0.0205062956969776,21.8798440297235,-0.0189683936870102,-12.9625653262446
0.833000000000001,13.8075599999996,-0.0204993932556267,21.8666355665426,-0.018706211134912,-12.8741527227002
0.834000000000001,13.7248799999996,-0.0204913093244787,21.8534537204578,-0.0184463008230105,-12.7859098884814
0.835000000000001,13.6421999999996,-0.0204820416413725,21.8402984447291,-0.0181886486850543,-12.6978361149989
0.836000000000001,13.5595199999996,-0.0204715879510575,21.8271696925908,-0.0179332408048102,-12.60993069518
0.837000000000001,13.4768399999996,-0.0204599460042477,21.8140674172559,-0.0176800634153881,-12.5221929234933
0.838000000000001,13.3941599999996,-0.020447113556574,21.8009915719206,-0.0174291028986141,-12.4346220959718
0.839000000000001,13.3114799999996,-0.020433088367616,21.7879421097689,-0.0171803457844433,-12.3472175102367
0.840000000000001,13.2287999999996,-0.0204178681999335,21.7749189839768,-0.0169337787502826,-12.2599784655194
0.841000000000001,13.1461199999996,-0.0204014508180253,21.7619221477171,-0.0166893886203005,-12.1729042626833
0.842000000000001,13.0634399999996,-0.0203838339874208,21.7489515541629,-0.0164471623648334,-12.085994204245
0.843000000000001,12.9807599999996,-0.0203650154736259,21.7360071564924,-0.0162070870997226,-11.9992475943948
0.844000000000001,12.8980799999996,-0.0203449930412431,21.7230889078928,-0.0159691500855675,-11.9126637390162
0.845000000000001,12.8153999999996,-0.0203237644529496,21.7101967615644,-0.0157333387271434,-11.8262419457062
0.846000000000001,12.7327199999996,-0.0203013274685397,21.6973306707245,-0.0154996405726963,-11.7399815237932
0.847000000000001,12.6500399999996,-0.0202776798439845,21.6844905886112,-0.0152680433132723,-11.6538817843551
0.848000000000001,12.5673599999996,-0.0202528193304114,21.6716764684878,-0.0150385347820002,-11.5679420402377
0.849000000000001,12.4846799999996,-0.0202267436732181,21.6588882636457,-0.0148111029534616,-11.4821616060707
0.850000000000001,12.4019999999996,-0.0201994506110856,21.646125927409,-0.0145857359429157,-11.3965397982849
0.851000000000001,12.3193199999996,-0.0201709378749971,21.6333894131375,-0.0143624220057246,-11.311075935128
0.852000000000001,12.2366399999996,-0.0201412031873013,21.6206786742306,-0.0141411495365203,-11.2257693366794
0.853000000000001,12.1539599999996,-0.0201102442607726,21.6079936641309,-0.0139219070685973,-11.1406193248658
0.854000000000001,12.0712799999996,-0.0200780587976954,21.5953343363271,-0.0137046832731538,-11.0556252234753
0.855000000000001,11.9885999999996,-0.0200446444888174,21.5827006443583,-0.0134894669586499,-10.9707863581711
0.856000000000001,11.9059199999996,-0.0200099990124414,21.5700925418164,-0.0132762470700045,-10.8861020565047
0.857000000000001,11.8232399999996,-0.0199741200334648,21.5575099823498,-0.0130650126879862,-10.8015716479293
0.858000000000001,11.7405599999996,-0.0199370052024577,21.5449529196667,-0.0128557530283984,-10.7171944638114
0.859000000000001,11.6578799999996,-0.0198986521546222,21.5324213075378,-0.0126484574414278,-10.6329698374427
0.860000000000001,11.5751999999996,-0.0198590585089242,21.5199150997999,-0.0124431154109098,-10.5488971040523
0.861000000000001,11.4925199999996,-0.019818221867092,21.5074342503581,-0.0122397165536467,-10.4649756008167
0.862000000000001,11.4098399999996,-0.0197761398126148,21.4949787131897,-0.0120382506186052,-10.3812046668703
0.863000000000001,11.3271599999996,-0.0197328099097858,21.4825484423461,-0.0118387074862905,-10.2975836433158
0.864000000000001,11.2444799999996,-0.0196882297027663,21.4701433919562,-0.0116410771680413,-10.2141118732338
0.865000000000001,11.1617999999996,-0.019642396714553,21.4577635162287,-0.0114453498051769,-10.1307887016908
0.866000000000001,11.0791199999996,-0.019595308445983,21.445408769455,-0.0112515156684647,-10.047613475749
0.867000000000001,10.9964399999996,-0.0195469623748178,21.4330791060116,-0.0110595651573212,-9.96458554447374
0.868000000000001,10.9137599999996,-0.0194973559546367,21.4207744803625,-0.0108694887990769,-9.88170425894134
0.869000000000001,10.8310799999996,-0.019446486613894,21.4084948470618,-0.010681277248352,-9.7989689722467
0.870000000000001,10.7483999999997,-0.0193943517548815,21.3962401607559,-0.0104949212863326,-9.71637903950964
0.871000000000001,10.6657199999996,-0.0193409487526765,21.3840103761857,-0.0103104118200703,-9.63393381788159
0.872000000000001,10.5830399999996,-0.0192862749541307,21.3718054481887,-0.0101277398818019,-9.55163266655129
0.873000000000001,10.5003599999996,-0.0192303276767885,21.3596253317011,-0.00994689662830681,-9.46947494675092
0.874000000000001,10.4176799999997,-0.0191731042078411,21.34746998176,-0.00976787334016409,-9.38746002176064
0.875000000000001,10.3349999999997,-0.019114601803073,21.3353393535051,-0.00959066142116034,-9.30558725691293
0.876000000000001,10.2523199999996,-0.0190548176857032,21.3232334021803,-0.00941525239766088,-9.22385601959815
0.877000000000001,10.1696399999997,-0.0189937490453108,21.311152083136,-0.00924163791791205,-9.14226567926693
0.878000000000001,10.0869599999997,-0.0189313930367492,21.2990953518299,-0.00906980975142244,-9.06081560743463
0.879000000000001,10.0042799999997,-0.0188677467789232,21.2870631638295,-0.00889975978836353,-8.9795051776833
0.880000000000001,9.92159999999965,-0.0188028073537018,21.2750554748127,-0.00873148003901563,-8.89833376566522
0.881000000000001,9.83891999999965,-0.0187365718046851,21.2630722405696,-0.00856496263307299,-8.8173007491042
0.882000000000001,9.75623999999965,-0.0186690371360406,21.2511134170036,-0.00840019981921706,-8.73640550779792
0.883000000000001,9.67355999999965,-0.0186002003112265,21.2391789601326,-0.00823718396441941,-8.65564742361837
0.884000000000001,9.59087999999965,-0.0185300582518007,21.2272688260901,-0.00807590755351576,-8.57502588051363
0.885000000000001,9.50819999999965,-0.0184586078361237,21.215382971126,-0.00791636318860637,-8.49454026450712
0.886000000000001,9.42551999999965,-0.0183858458980623,21.2035213516075,-0.00775854358863995,-8.41418996369855
0.887000000000001,9.34283999999965,-0.0183117692256518,21.19168392402,-0.00760244158885396,-8.33397436826261
0.888000000000001,9.26015999999965,-0.0182363745597644,21.1798706449676,-0.00744805014038407,-8.25389287044849
0.889000000000001,9.17747999999965,-0.0181596585926911,21.1680814711734,-0.00729536230978235,-8.17394486457822
0.890000000000001,9.09479999999965,-0.0180816179667933,21.1563163594806,-0.00714437127865131,-8.09412974704503
0.891000000000001,9.01211999999965,-0.0180022492729913,21.1445752668523,-0.0069950703432099,-8.01444691631075
0.892000000000001,8.92943999999965,-0.0179215490493073,21.1328581503717,-0.00684745291396936,-7.9348957729035
0.893000000000001,8.84675999999965,-0.017839513779364,21.1211649672428,-0.00670151251535465,-7.8554757194138
0.894000000000001,8.76407999999965,-0.0177561398908304,21.1094956747896,-0.00655724278540343,-7.77618616049157
0.895000000000001,8.68139999999965,-0.0176714237538421,21.097850230457,-0.00641463747551889,-7.69702650284193
0.896000000000001,8.59871999999965,-0.0175853616793615,21.0862285918098,-0.00627369045015732,-7.6179961552203
0.897000000000001,8.51603999999965,-0.017497949917535,21.0746307165331,-0.00613439568659079,-7.53909452842782
0.898000000000001,8.43335999999965,-0.0174091846560053,21.0630565624314,-0.00599674727474066,-7.46032103530578
0.899000000000001,8.35067999999965,-0.0173190620181495,21.0515060874287,-0.00586073941694434,-7.38167509072963
0.900000000000001,8.26799999999965,-0.0172275780613131,21.0399792495679,-0.00572636642782125,-7.30315611160288
0.901000000000001,8.18531999999965,-0.0171347287750082,21.0284760070098,-0.0055936227341036,-7.22476351685013
0.902000000000001,8.10263999999965,-0.0170405100790176,21.0169963180331,-0.00546250287458727,-7.14649672741066
0.903000000000001,8.01995999999965,-0.0169449178215415,21.0055401410332,-0.00533300149997522,-7.06835516622966
0.904000000000001,7.93727999999965,-0.0168479477771913,20.9941074345219,-0.00520511337284359,-6.9903382582516
0.905000000000001,7.85459999999965,-0.0167495956450605,20.9826981571259,-0.00507883336755079,-6.91244543041087
0.906000000000001,7.77191999999965,-0.0166498570467074,20.9713122675868,-0.00495415647022043,-6.83467611162344
0.907000000000001,7.68923999999965,-0.0165487275240194,20.9599497247596,-0.00483107777875969,-6.75702973277794
0.908000000000001,7.60655999999965,-0.016446202537148,20.9486104876121,-0.00470959250277805,-6.67950572672579
0.909000000000001,7.52387999999965,-0.0163422774623863,20.9372945152239,-0.00458969596363864,-6.60210352827191
0.910000000000001,7.44119999999965,-0.0162369475899138,20.9260017667851,-0.00447138359441911,-6.5248225741641
0.911000000000001,7.35851999999965,-0.0161302081216111,20.9147322015962,-0.00435465093993529,-6.44766230308255
0.912000000000001,7.27583999999965,-0.0160220541687807,20.9034857790662,-0.00423949365671882,-6.37062215562945
0.913000000000001,7.19315999999965,-0.0159124807498252,20.8922624587126,-0.00412590751308049,-6.29370157431795
0.914000000000001,7.11047999999965,-0.0158014827879304,20.8810622001599,-0.00401388838898079,-6.21690000356023
0.915000000000001,7.02779999999965,-0.0156890551086582,20.8698849631391,-0.00390343227606203,-6.14021688965646
0.916000000000001,6.94511999999966,-0.0155751924375377,20.8587307074867,-0.00379453527754888,-6.06365168078265
0.917000000000001,6.86243999999966,-0.0154598893976164,20.8475993931443,-0.00368719360818522,-5.98720382697869
0.918000000000001,6.77975999999966,-0.015343140506952,20.836490980158,-0.00358140359407109,-5.91087278013619
0.919000000000001,6.69707999999966,-0.0152249401761539,20.8254054286776,-0.00347716167252943,-5.83465799398558
0.920000000000001,6.61439999999966,-0.0151052827057915,20.8143426989562,-0.00337446439185537,-5.75855892408381
0.921000000000001,6.53171999999966,-0.0149841622837972,20.8033027513504,-0.00327330841103737,-5.68257502780122
0.922000000000001,6.44903999999966,-0.0148615729829052,20.7922855463195,-0.00317369049945613,-5.60670576430901
0.923000000000001,6.36635999999966,-0.014737508757985,20.7812910444258,-0.00307560753641166,-5.53095059456488
0.924000000000001,6.28367999999966,-0.0146119634433873,20.7703192063347,-0.00297905651071621,-5.45530898130144
0.925000000000001,6.20099999999966,-0.0144849307502433,20.7593699928149,-0.00288403452006203,-5.37978038901125
0.926000000000001,6.11831999999966,-0.0143564042637538,20.7484433647388,-0.00279053877039402,-5.30436428393398
0.927000000000001,6.03563999999966,-0.0142263774404336,20.7375392830833,-0.00269856657510195,-5.22906013404237
0.928000000000001,5.95295999999966,-0.0140948436053527,20.7266577089302,-0.00260811535423628,-5.15386740902864
0.929000000000001,5.87027999999966,-0.0139617959493175,20.7157986034675,-0.00251918263343334,-5.07878558029031
0.930000000000001,5.78759999999966,-0.0138272275260228,20.7049619279904,-0.00243176604287816,-5.00381412091599
0.931000000000001,5.70491999999966,-0.0136911312492256,20.6941476439026,-0.00234586331607147,-4.92895250567177
0.932000000000001,5.62223999999966,-0.0135534998898366,20.6833557127181,-0.00226147228847773,-4.85420021098618
0.933000000000001,5.53955999999966,-0.0134143260729602,20.6725860960624,-0.00217859089599399,-4.77955671493598
0.934000000000001,5.45687999999966,-0.0132736022749564,20.661838755675,-0.0020972171733552,-4.70502149723161
0.935000000000001,5.37419999999966,-0.0131313208204438,20.6511136534112,-0.00201734925232662,-4.63059403920206
0.936000000000001,5.29151999999966,-0.0129874738792483,20.6404107512445,-0.00193898535976831,-4.55627382378015
0.937000000000001,5.20883999999966,-0.0128420534632855,20.6297300112691,-0.00186212381553818,-4.48206033548726
0.938000000000001,5.12615999999966,-0.012695051423454,20.6190713957025,-0.00178676303023509,-4.40795306041801
0.939000000000001,5.04347999999966,-0.0125464594464072,20.6084348668887,-0.0017129015027627,-4.33395148622448
0.940000000000001,4.96079999999966,-0.0123962690513205,20.5978203873008,-0.00164053781775881,-4.26005510210029
0.941000000000001,4.87811999999966,-0.0122444715865414,20.5872279195447,-0.00156967064278898,-4.18626339876476
0.942000000000001,4.79543999999966,-0.012091058226237,20.5766574263623,-0.00150029872545003,-4.11257586844602
0.943000000000001,4.71275999999966,-0.0119360199669137,20.5661088706347,-0.00143242089017909,-4.03899200486443
0.944000000000001,4.63007999999966,-0.0117793476238811,20.5555822153867,-0.0013660360350072,-3.96551130321533
0.945000000000001,4.54739999999966,-0.0116210318275597,20.54507742379,-0.00130114312806394,-3.89213326015168
0.946000000000001,4.46471999999966,-0.0114610630198133,20.5345944591674,-0.0012377412038409,-3.81885737376544
0.947000000000001,4.38203999999966,-0.0112994314500676,20.5241332849968,-0.0011758293593862,-3.7456831435699
0.948000000000001,4.29935999999966,-0.0111361271713669,20.5136938649158,-0.00111540675020561,-3.67261007048005
0.949000000000001,4.21667999999966,-0.0109711400362992,20.5032761627255,-0.00105647258599459,-3.59963765679335
0.950000000000001,4.13399999999966,-0.0108044596927988,20.4928801423953,-0.000999026126198715,-3.52676540616951
0.951000000000001,4.05131999999966,-0.0106360755797859,20.4825057680671,-0.000943066675329948,-3.45399282360986
0.952000000000001,3.96863999999966,-0.0104659769226821,20.4721530040604,-0.000888593578060155,-3.38131941543566
0.953000000000001,3.88595999999966,-0.0102941527287563,20.4618218148762,-0.000835606214139653,-3.30874468926603
0.954000000000001,3.80327999999966,-0.0101205917822843,20.4515121652024,-0.000784103993129497,-3.23626815399531
0.955000000000001,3.72059999999966,-0.0099452826395674,20.4412240199183,-0.000734086348736868,-3.16388931976878
0.956000000000001,3.63791999999966,-0.0097682136237256,20.4309573440994,-0.000685552733113867,-3.09160769795846
0.957000000000001,3.55523999999966,-0.00958937281929939,20.420712103022,-0.00063850261078697,-3.01942280113732
0.958000000000001,3.47255999999966,-0.00940874806660014,20.4104882621688,-0.000592935452365133,-2.94733414305249
0.959000000000001,3.38987999999966,-0.00922632695590603,20.400285787233,-0.000548850727989197,-2.87534123859801
0.960000000000001,3.30719999999966,-0.00904209682137136,20.390104644124,-0.000506247900534568,-2.80344360378617
0.961000000000001,3.22451999999966,-0.00885604473465601,20.3799447989716,-0.000465126418376262,-2.73164075571693
0.962000000000001,3.14183999999966,-0.0086681574983446,20.3698062181318,-0.000425485708036169,-2.65993221254731
0.963000000000001,3.05915999999966,-0.00847842163899154,20.359688868191,-0.000387325166405215,-2.58831749345876
0.964000000000001,2.97647999999966,-0.00828682339999176,20.3495927159717,-0.000350644152594125,-2.51679611862284
0.965000000000001,2.89379999999966,-0.00809334873401341,20.3395177285373,-0.000315441979544116,-2.4453676091665
0.966000000000001,2.81111999999966,-0.0078979832951781,20.3294638731969,-0.000281717905114017,-2.37403148713456
0.967000000000001,2.72843999999966,-0.00770071243082632,20.3194311175107,-0.000249471122841309,-2.30278727545125
0.968000000000001,2.64575999999966,-0.00750152117294678,20.3094194292952,-0.000218700752294554,-2.23163449787986
0.969000000000001,2.56307999999966,-0.00730039422922824,20.2994287766279,-0.000189405828884263,-2.16057267898039
0.970000000000001,2.48039999999966,-0.0070973159736521,20.2894591278529,-0.000161585293244317,-2.08960134406537
0.971000000000001,2.39771999999966,-0.00689227043670748,20.2795104515857,-0.000135237980129729,-2.01872001915381
0.972000000000001,2.31503999999966,-0.00668524129505332,20.2695827167188,-0.000110362606663366,-1.9479282309225
0.973000000000001,2.23235999999966,-0.00647621186080188,20.2596758924268,-8.69577601096787E-05,-1.87722550665544
0.974000000000001,2.14967999999966,-0.00626516507020675,20.2497899481716,-6.5021884901437E-05,-1.80661137419042
0.975000000000001,2.06699999999966,-0.00605208347186081,20.2399248537081,-4.45532691160776E-05,-1.73608536186378
0.976000000000001,1.98431999999966,-0.0058369492142652,20.2300805790894,-2.55500301326716E-05,-1.66564699845109
0.977000000000001,1.90163999999966,-0.00561974403285798,20.2202570946726,-8.01009959755863E-06,-1.59529581310644
0.978000000000001,1.81895999999966,-0.00540044923637289,20.210454371124,8.06879245428532E-06,-1.52503133529756
0.979000000000001,1.73627999999966,-0.00517904569246574,20.2006723794253,2.26891343429172E-05,-1.45485309473844
0.980000000000001,1.65359999999966,-0.00495551381267928,20.1909110908792,3.58536504110286E-05,-1.38476062131795
0.981000000000001,1.57091999999966,-0.00472983353666057,20.1811704771153,4.75653197288765E-05,-1.31475344502501
0.982000000000001,1.48823999999966,-0.00450198431550836,20.1714505100965,5.7827395791076E-05,-1.24483109587016
0.983000000000001,1.40555999999966,-0.00427194509428885,20.1617511621248,6.66434274208851E-05,-1.17499310380242
0.984000000000001,1.32287999999966,-0.00403969429361883,20.1520724058483,7.40172808821266E-05,-1.10523899862238
0.985000000000001,1.24019999999966,-0.00380520979032811,20.142414214267,7.99531632544341E-05,-1.03556830989017
0.986000000000001,1.15751999999966,-0.00356846889701717,20.1327765607405,8.44556472615185E-05,-0.965980566828736
0.987000000000001,1.07483999999966,-0.00332944834053528,20.1231594189942,8.75296975357031E-05,-0.896475298221908
0.988000000000001,0.992159999999662,-0.00308812423931554,20.1135627631272,8.91806985765307E-05,-0.827052032306478
0.989000000000001,0.909479999999662,-0.00284447207941541,20.1039865676193,8.94144843310313E-05,-0.757710296658884
0.990000000000001,0.826799999999662,-0.00259846668925756,20.094430807339,8.82373697295383E-05,-0.688449618074624
0.991000000000001,0.744119999999662,-0.00235008221285382,20.0848954575516,8.56561840628816E-05,-0.619269522441532
0.992000000000001,0.661439999999662,-0.0020992920816601,20.0753804939275,8.16783066052884E-05,-0.550169534606419
0.993000000000001,0.578759999999662,-0.00184606898462064,20.0658858925509,7.63117044591788E-05,-0.481149178231899
0.994000000000001,0.496079999999662,-0.0015903848366095,20.056411629929,6.95649728792913E-05,-0.412207975646719
0.995000000000001,0.413399999999662,-0.00133221074488982,20.0469576830016,6.1447378197146E-05,-0.343345447686334
0.996000000000001,0.330719999999662,-0.00107151697365099,20.0375240291509,5.19689035588347E-05,-0.274561113524587
0.997000000000001,0.248039999999662,-0.000808272906317409,20.028110646212,4.11402977331976E-05,-0.205854490494572
0.998000000000001,0.165359999999662,-0.000542447005604241,20.0187175124838,2.89731272528256E-05,-0.137225093898106
0.999000000000001,0.0826799999996619,-0.000274006771046054,20.0093446067407,1.54798319151373E-05,-0.0686724368049148
